"data";"THB";"USD";"AUD";"HKD";"CAD";"NZD";"SGD";"EUR";"HUF";"CHF";"GBP";"UAH";"JPY";"CZK";"DKK";"ISK";"NOK";"SEK";"HRK";"RON";"BGN";"TRY";"ILS";"CLP";"PHP";"MXN";"ZAR";"BRL";"MYR";"RUB";"IDR";"INR";"KRW";"CNY";"XDR"
2022-01-03;0,1219;4,0424;2,9329;0,5185;3,1881;2,7617;2,9958;4,5889;1,2482;4,4326;5,4643;0,1482;3,5098;0,1846;0,6171;3,109;0,4585;0,4462;0,6103;0,9272;2,3462;0,3005;1,3045;0,4745;0,0791;0,1969;0,2554;0,7256;0,9688;0,0544;2,8336;5,4428;0,3388;0,6357;5,6787
2022-01-04;0,1216;4,0468;2,9185;0,5191;3,175;2,7505;2,9859;4,5737;1,2515;4,409;5,4677;0,1482;3,4939;0,1845;0,6149;3,0987;0,4566;0,4451;0,6082;0,9243;2,3385;0,3056;1,3073;0,4753;0,0789;0,197;0,2535;0,7122;0,9668;0,054;2,8294;5,4278;0,3382;0,6349;5,643
2022-01-05;0,1219;4,0396;2,9274;0,5184;3,1775;2,7501;2,9797;4,5672;1,2627;4,4106;5,4658;0,1471;3,4867;0,1857;0,614;3,0985;0,4569;0,4452;0,6075;0,9231;2,3351;0,3015;1,3043;0,4767;0,0794;0,1973;0,2539;0,7115;0,9633;0,0533;2,8136;5,4328;0,3372;0,6343;5,6551
2022-01-07;0,1198;4,0279;2,8823;0,5164;3,1683;2,7196;2,964;4,5576;1,2683;4,372;5,4595;0,1465;3,477;0,1858;0,6127;3,1174;0,4548;0,4417;0,606;0,9218;2,3302;0,2908;1,2986;0,4809;0,0785;0,1973;0,2574;0,7087;0,957;0,0532;2,8055;5,422;0,3347;0,6318;5,6327
2022-01-10;0,1191;4,0064;2,8802;0,5139;3,1734;2,7124;2,9567;4,5377;1,2679;4,35;5,4406;0,1457;3,4635;0,1861;0,6101;3,0995;0,4541;0,4407;0,603;0,9177;2,3201;0,2915;1,2857;0,4837;0,078;0,1962;0,2565;0,7111;0,9539;0,0535;2,8002;5,4107;0,3347;0,6286;5,6156
2022-01-11;0,12;4,0106;2,8816;0,5144;3,1734;2,7173;2,9648;4,5454;1,2716;4,33;5,458;0,1458;3,476;0,1868;0,611;3,0963;0,4538;0,4411;0,6041;0,9191;2,324;0,291;1,2811;0,48;0,0785;0,197;0,2572;0,7081;0,9568;0,0535;2,8041;5,4266;0,3363;0,6293;5,6223
2022-01-12;0,1196;3,9879;2,8761;0,5116;3,178;2,7049;2,9521;4,5332;1,2728;4,3192;5,4345;0,144;3,4566;0,1857;0,6092;3,0838;0,4568;0,4412;0,6025;0,9164;2,3178;0,2901;1,2811;0,4815;0,0779;0,1954;0,2575;0,7161;0,9527;0,0536;2,7853;5,3959;0,3349;0,6265;5,6
2022-01-13;0,1189;3,9463;2,8848;0,5066;3,1614;2,7154;2,9337;4,527;1,2747;4,3244;5,4209;0,1423;3,4451;0,1859;0,6084;3,0796;0,4565;0,4422;0,6014;0,9159;2,3146;0,2904;1,2699;0,4793;0,0772;0,1938;0,2583;0,7131;0,9449;0,0529;2,7611;5,3414;0,3331;0,6204;5,5816
2022-01-14;0,1192;3,9597;2,8795;0,5087;3,1725;2,7133;2,9437;4,5372;1,2789;4,3466;5,4387;0,1416;3,4761;0,1854;0,6097;3,0823;0,4556;0,4422;0,6035;0,9179;2,3198;0,292;1,2727;0,485;0,0771;0,1951;0,2584;0,7161;0,9476;0,052;2,7696;5,3413;0,3334;0,6235;5,5706
2022-01-17;0,1196;3,9567;2,8552;0,508;3,1627;2,694;2,9351;4,5201;1,2703;4,331;5,4123;0,1406;3,4556;0,1848;0,6074;3,0791;0,453;0,4382;0,601;0,9141;2,3111;0,2929;1,2727;0,4827;0,0772;0,1949;0,2569;0,7149;0,9458;0,0518;2,7635;5,3296;0,3321;0,6234;5,5594
2022-01-18;0,1199;3,9734;2,8564;0,5098;3,1723;2,6909;2,9457;4,5275;1,2693;4,3436;5,4144;0,1398;3,4647;0,1855;0,6083;3,0968;0,4524;0,4384;0,6019;0,9155;2,3149;0,2934;1,2729;0,483;0,0771;0,1949;0,2568;0,7201;0,9496;0,0518;2,771;5,3272;0,3335;0,6255;5,5685
2022-01-19;0,1209;3,993;2,8758;0,5124;3,1991;2,7122;2,9606;4,5279;1,2699;4,3594;5,4357;0,1404;3,4864;0,1863;0,6084;3,1141;0,4556;0,4373;0,6018;0,9157;2,3151;0,2939;1,2776;0,4882;0,0776;0,1961;0,2596;0,7173;0,9523;0,0522;2,7802;5,3642;0,3354;0,6289;5,591
2022-01-20;0,1211;3,9833;2,8803;0,5115;3,1899;2,6985;2,9585;4,5201;1,2662;4,3511;5,4279;0,1407;3,4852;0,1863;0,6074;3,113;0,453;0,4372;0,6006;0,914;2,3111;0,2958;1,2714;0,4924;0,0775;0,1944;0,2608;0,7324;0,951;0,052;2,7783;5,3461;0,3349;0,628;5,5868
2022-01-21;0,1212;3,9953;2,8723;0,513;3,1898;2,683;2,9695;4,5303;1,2689;4,3786;5,421;0,1412;3,5056;0,1862;0,6087;3,1072;0,4519;0,4359;0,6017;0,916;2,3163;0,298;1,2717;0,4977;0,0778;0,195;0,2636;0,7372;0,9543;0,0522;2,7866;5,368;0,3352;0,6301;5,6035
2022-01-24;0,1214;4,0049;2,8654;0,5144;3,1791;2,6856;2,9796;4,5358;1,2647;4,3932;5,4169;0,1412;3,525;0,1858;0,6094;3,111;0,448;0,435;0,6026;0,9172;2,3191;0,2991;1,2666;0,5013;0,0781;0,1955;0,2637;0,7345;0,9561;0,0513;2,7924;5,3704;0,335;0,6331;5,6039
2022-01-25;0,1228;4,0593;2,9024;0,5213;3,2125;2,7117;3,0206;4,5821;1,2707;4,4161;5,4731;0,1416;3,5592;0,1873;0,6155;3,1384;0,451;0,4374;0,6085;0,9267;2,3428;0,2996;1,2795;0,5028;0,0791;0,1969;0,2653;0,7397;0,9689;0,0517;2,8289;5,4288;0,339;0,6415;5,6786
2022-01-26;0,1234;4,0684;2,9169;0,5224;3,2355;2,7216;3,0255;4,592;1,2769;4,4211;5,4958;0,1412;3,5649;0,1876;0,617;3,1495;0,4577;0,4398;0,6099;0,9286;2,3478;0,3011;1,2793;0,5086;0,0794;0,1978;0,2684;0,7473;0,9706;0,0515;2,8346;5,4316;0,3399;0,6436;5,7008
2022-01-27;0,123;4,083;2,8956;0,524;3,2223;2,7044;3,0221;4,5713;1,2745;4,4029;5,4818;0,1408;3,5501;0,1864;0,6142;3,1439;0,456;0,4372;0,6071;0,9244;2,3372;0,2996;1,2783;0,5085;0,0797;0,1972;0,2673;0,7515;0,9727;0,0519;2,8382;5,4389;0,3394;0,6417;5,674
2022-01-28;0,123;4,1048;2,8738;0,5268;3,2123;2,6913;3,0248;4,5697;1,279;4,4086;5,4934;0,1426;3,5504;0,1865;0,6139;3,169;0,4565;0,4349;0,6068;0,9238;2,3364;0,3014;1,285;0,5098;0,0801;0,1973;0,2645;0,7592;0,9797;0,0527;2,8531;5,4701;0,3388;0,6454;5,7
2022-01-31;0,1236;4,1147;2,9019;0,5276;3,2318;2,7075;3,0386;4,5982;1,284;4,4156;5,532;0,1446;3,565;0,1881;0,6178;3,2066;0,4597;0,4389;0,6108;0,9295;2,351;0,3077;1,2905;0,5059;0,0807;0,1983;0,265;0,7666;0,9831;0,0531;2,861;5,5142;0,3403;0,6486;5,7415
2022-02-01;0,1225;4,0689;2,8813;0,5219;3,2106;2,6837;3,0158;4,582;1,2889;4,4087;5,492;0,1436;3,5475;0,1884;0,6158;3,1908;0,4589;0,4382;0,6089;0,9261;2,3427;0,3038;1,2858;0,5082;0,0797;0,1979;0,2662;0,7671;0,9721;0,0528;2,8292;5,4384;0,3383;0,6463;5,7163
2022-02-02;0,1213;4,0283;2,8771;0,5169;3,1757;2,6761;2,9889;4,55;1,2814;4,379;5,4556;0,1418;3,5214;0,1874;0,6117;3,1597;0,4583;0,4368;0,6045;0,9197;2,3264;0,2993;1,2761;0,5018;0,0789;0,1966;0,2636;0,765;0,9624;0,0528;2,8057;5,3839;0,3352;0,6418;5,649
2022-02-03;0,1214;4,0267;2,8651;0,5165;3,1684;2,6715;2,9845;4,5439;1,2812;4,3656;5,4598;0,1424;3,5092;0,1878;0,6109;3,1776;0,4558;0,4367;0,6037;0,9187;2,3232;0,2963;1,263;0,4967;0,0788;0,1953;0,2616;0,7652;0,9625;0,0526;2,8007;5,379;0,3343;0,6409;5,621
2022-02-04;0,1202;3,9657;2,8199;0,5092;3,1193;2,6355;2,9504;4,5459;1,2829;4,3046;5,381;0,1411;3,4497;0,1864;0,6109;3,1834;0,4544;0,435;0,6037;0,919;2,3243;0,2925;1,2395;0,4844;0,0775;0,1927;0,2588;0,7505;0,9489;0,0522;2,7578;5,3089;0,3308;0,6412;5,6358
2022-02-07;0,1207;3,9872;2,8296;0,5116;3,1316;2,6404;2,9648;4,555;1,29;4,3112;5,3893;0,1424;3,4666;0,1879;0,6119;3,1764;0,4514;0,4355;0,6056;0,9209;2,3289;0,2942;1,2455;0,4813;0,0775;0,1924;0,257;0,7486;0,9527;0,0528;2,7696;5,3389;0,3324;0,627;5,5889
2022-02-08;0,1205;3,9693;2,8322;0,5092;3,1296;2,6384;2,9515;4,5274;1,2803;4,2973;5,3792;0,1417;3,4403;0,1871;0,6082;3,1704;0,4522;0,4347;0,602;0,9152;2,3148;0,2908;1,237;0,4813;0,0772;0,1925;0,256;0,754;0,9485;0,0527;2,7579;5,3097;0,3314;0,6234;5,5555
2022-02-09;0,1208;3,953;2,8315;0,5072;3,1138;2,6347;2,9439;4,5167;1,279;4,2798;5,3633;0,1413;3,4263;0,186;0,6068;3,1718;0,4494;0,4335;0,6002;0,9131;2,3093;0,2909;1,2307;0,4777;0,0771;0,1925;0,2578;0,7515;0,9446;0,0529;2,7533;5,2847;0,3307;0,6213;5,5574
2022-02-10;0,1203;3,9218;2,8191;0,5032;3,0939;2,6237;2,9231;4,4879;1,2694;4,2465;5,3225;0,1407;3,387;0,1842;0,6031;3,165;0,445;0,4284;0,5962;0,9075;2,2946;0,2896;1,2195;0,4822;0,0765;0,1919;0,259;0,749;0,9374;0,0525;2,7344;5,2329;0,3281;0,6168;5,5103
2022-02-11;0,1213;3,9665;2,8261;0,5084;3,1159;2,637;2,9496;4,5163;1,2769;4,2754;5,3772;0,1414;3,4177;0,1852;0,6069;3,185;0,4486;0,426;0,5998;0,9134;2,3091;0,2942;1,2248;0,4926;0,0774;0,1936;0,2631;0,7555;0,9468;0,0529;2,7638;5,2618;0,3317;0,6238;5,5429
2022-02-14;0,1243;4,0439;2,8696;0,5182;3,1666;2,6717;3,0003;4,5743;1,2814;4,375;5,4645;0,1416;3,5149;0,1862;0,6147;3,2259;0,4522;0,4292;0,6075;0,9249;2,3388;0,2981;1,2391;0,4992;0,0787;0,1967;0,2649;0,7698;0,965;0,0523;2,8225;5,3487;0,3379;0,636;5,6183
2022-02-15;0,1228;3,974;2,8389;0,5093;3,1285;2,6348;2,953;4,5091;1,2676;4,2954;5,3856;0,141;3,4375;0,1846;0,6058;3,1934;0,4479;0,4267;0,5989;0,9121;2,3054;0,2917;1,229;0,4886;0,0774;0,1951;0,2638;0,762;0,9493;0,0526;2,7785;5,276;0,3317;0,6259;5,5757
2022-02-16;0,1221;3,9478;2,8318;0,506;3,1126;2,6255;2,9374;4,4916;1,2671;4,2706;5,3542;0,1405;3,4132;0,1843;0,6035;3,1901;0,444;0,426;0,5966;0,9092;2,2965;0,2896;1,2335;0,4929;0,077;0,1939;0,2618;0,7652;0,9433;0,0525;2,7689;5,2586;0,3296;0,6229;5,5461
2022-02-17;0,1233;3,9687;2,8553;0,5087;3,1228;2,6584;2,9516;4,5088;1,2661;4,307;5,3988;0,1401;3,448;0,185;0,606;3,1842;0,4451;0,4257;0,5986;0,9119;2,3053;0,2912;1,2409;0,4973;0,0773;0,196;0,2648;0,7726;0,9477;0,0522;2,7719;5,2826;0,3312;0,626;5,5617
2022-02-18;0,1237;3,9798;2,8716;0,5103;3,1386;2,6753;2,9625;4,5256;1,2702;4,3233;5,4222;0,1404;3,4561;0,1862;0,6084;3,2096;0,4463;0,4277;0,6005;0,9153;2,3139;0,292;1,246;0,5004;0,0774;0,1964;0,2654;0,7694;0,9507;0,0526;2,7776;5,3308;0,3333;0,6291;5,5849
2022-02-21;0,1236;3,9769;2,8697;0,5099;3,1222;2,6744;2,9556;4,5193;1,2692;4,3328;5,4227;0,1397;3,4623;0,186;0,6074;3,2052;0,4442;0,4251;0,5997;0,914;2,3107;0,2918;1,2438;0,4963;0,0774;0,1963;0,2626;0,7741;0,9515;0,0517;2,7757;5,3372;0,3338;0,6278;5,5855
2022-02-22;0,1238;4,012;2,8919;0,5143;3,1485;2,6933;2,9786;4,5416;1,2716;4,3676;5,4482;0,1387;3,4956;0,1856;0,6104;3,2028;0,4489;0,4273;0,6026;0,9183;2,3221;0,2916;1,2425;0,5024;0,078;0,1973;0,264;0,7861;0,9585;0,0503;2,7932;5,3586;0,3361;0,6335;5,613
2022-02-23;0,1238;3,9937;2,9013;0,5118;3,1419;2,7145;2,9707;4,5352;1,2725;4,3401;5,4333;0,1365;3,4706;0,1853;0,6097;3,2074;0,4512;0,4284;0,6018;0,9169;2,3188;0,2894;1,2411;0,5038;0,0782;0,1973;0,266;0,7895;0,9542;0,0503;2,7855;5,3561;0,3356;0,6324;5,6063
2022-02-24;0,1268;4,1281;2,9617;0,5287;3,2198;2,7679;3,0514;4,6284;1,2697;4,4808;5,546;0,1381;3,5981;0,1862;0,622;3,2594;0,4569;0,432;0,6136;0,9351;2,3664;0,2907;1,2638;0,5218;0,0804;0,2027;0,2707;0,8239;0,9826;0,049;2,8702;5,4562;0,3429;0,653;5,7219
2022-02-25;0,1283;4,1683;3,0009;0,5339;3,2545;2,7963;3,078;4,6608;1,2656;4,5001;5,5751;0,1381;3,6146;0,188;0,6263;3,2915;0,4648;0,438;0,6172;0,942;2,383;0,2962;1,2789;0,5104;0,0812;0,2039;0,2727;0,8136;0,9925;0,0499;2,9013;5,5369;0,3466;0,66;5,821
2022-02-28;0,1284;4,1965;3,0216;0,537;3,2864;2,8181;3,0889;4,6909;1,2687;4,5483;5,6131;0,1381;3,6313;0,188;0,6304;3,3175;0,4711;0,4411;0,62;0,9479;2,3984;0,3031;1,2942;0,5231;0,0819;0,204;0,2717;0,8127;0,9995;0,0419;2,921;5,5688;0,349;0,6652;5,8312
2022-03-01;0,1294;4,2193;3,069;0,5398;3,3305;2,8571;3,1147;4,7241;1,2675;4,6037;5,6593;0,1381;3,6759;0,1873;0,6351;3,3315;0,4782;0,4419;0,6243;0,9547;2,4154;0,3029;1,3099;0,5279;0,0822;0,206;0,2745;0,8177;1,0063;0,0447;2,9429;5,5948;0,3514;0,6683;5,884
2022-03-02;0,1325;4,3302;3,1426;0,554;3,407;2,9279;3,1888;4,7989;1,262;4,7212;5,7631;0,1381;3,7587;0,1879;0,6451;3,3559;0,4839;0,4445;0,6338;0,9697;2,4536;0,3076;1,3421;0,5368;0,0842;0,2091;0,2794;0,8391;1,0321;0,0396;3,0099;5,7205;0,3587;0,6858;5,9964
2022-03-03;0,1326;4,3257;3,1578;0,5537;3,4262;2,9308;3,1837;4,7931;1,2665;4,7028;5,7881;0,1381;3,736;0,1859;0,6442;3,3518;0,4863;0,4457;0,6335;0,9685;2,4506;0,3064;1,336;0,5375;0,0837;0,209;0,2825;0,8482;1,0333;0,0371;3,0068;5,6981;0,358;0,6845;6,0014
2022-03-04;0,1344;4,391;3,2278;0,5617;3,449;2,9984;3,2294;4,8363;1,2671;4,7787;5,8413;0,1381;3,8044;0,1888;0,6501;3,3726;0,491;0,4479;0,6395;0,977;2,4727;0,309;1,3507;0,5516;0,0847;0,2113;0,286;0,8726;1,051;0,038;3,052;5,7652;0,3612;0,6952;6,0686
2022-03-07;0,1387;4,5722;3,3848;0,5851;3,5967;3,1471;3,3508;4,9647;1,2491;4,9452;6,0211;0,1381;3,9735;0,1921;0,6674;3,4098;0,508;0,4568;0,6567;1,0029;2,5384;0,3191;1,3884;0,5665;0,0875;0,2169;0,2968;0,9032;1,0945;0,0335;3,1735;5,9384;0,3719;0,7237;6,2923
2022-03-08;0,136;4,5115;3,29;0,577;3,5166;3,0831;3,309;4,9121;1,2654;4,8579;5,9196;0,1381;3,9028;0,192;0,6599;3,3621;0,5022;0,4536;0,6491;0,9923;2,5115;0,3117;1,37;0,5552;0,0864;0,2111;0,294;0,8825;1,0787;0,033;3,1335;5,8649;0,3659;0,7144;6,2218
2022-03-09;0,1335;4,4147;3,2335;0,5645;3,4419;3,02;3,2429;4,8429;1,264;4,758;5,8051;0,1381;3,8103;0,191;0,6506;3,333;0,4939;0,4496;0,6402;0,9783;2,4761;0,3009;1,3413;0,5451;0,0847;0,2081;0,2908;0,8724;1,0544;NA;3,077;5,7659;0,3584;0,6991;6,1378
2022-03-10;0,1312;4,3482;3,1906;0,556;3,3928;2,9802;3,1984;4,8013;1,2646;4,6917;5,7264;0,1381;3,7507;0,1897;0,6452;3,3044;0,4855;0,4467;0,6346;0,97;2,4548;0,2947;1,3345;0,5405;0,0834;0,2076;0,2878;0,8674;1,0383;NA;3,045;5,699;0,3546;0,6879;6,0418
2022-03-11;0,1312;4,3694;3,1959;0,5583;3,4213;2,989;3,2094;4,7924;1,257;4,689;5,7127;0,1381;3,7365;0,1901;0,6441;3,2937;0,4887;0,4495;0,633;0,9684;2,4503;0,2915;1,3395;0,5448;0,0835;0,2084;0,2898;0,8719;1,0417;NA;3,055;5,7046;0,3536;0,69;5,9924
2022-03-14;0,1295;4,3221;3,136;0,5521;3,3885;2,9389;3,1673;4,7465;1,2596;4,631;5,6375;0,1381;3,6653;0,1905;0,638;3,2712;0,4831;0,4505;0,6267;0,9589;2,4268;0,2929;1,3247;0,5363;0,0825;0,2081;0,2864;0,8516;1,0278;NA;3,0156;5,6447;0,3492;0,6796;5,9742
2022-03-15;0,1282;4,2992;3,0905;0,5493;3,3437;2,8999;3,1461;4,7311;1,2692;4,5793;5,6056;0,1381;3,6441;0,1907;0,6358;3,2606;0,4759;0,4493;0,6245;0,9558;2,4189;0,2907;1,3081;0,5285;0,082;0,206;0,2838;0,8392;1,0219;NA;3;5,6116;0,3453;0,6745;5,9484
2022-03-16;0,1283;4,2828;3,0964;0,5475;3,3665;2,9069;3,1456;4,7055;1,2642;4,555;5,5931;0,1381;3,6193;0,1903;0,6324;3,2519;0,4792;0,4493;0,6214;0,9507;2,4059;0,2914;1,3124;0,5288;0,082;0,2061;0,2838;0,8293;1,0203;NA;2,9924;5,6156;0,3468;0,6744;5,9052
2022-03-17;0,1276;4,2403;3,109;0,5423;3,351;2,9035;3,1286;4,6876;1,2619;4,5127;5,5865;0,1381;3,5746;0,19;0,6297;3,2988;0,4773;0,4496;0,6189;0,9476;2,3967;0,2884;1,3072;0,5313;0,0812;0,2058;0,2847;0,8351;1,0107;NA;2,9648;5,5933;0,3502;0,6679;5,8899
2022-03-18;0,1281;4,2707;3,1497;0,5462;3,3837;2,9396;3,1494;4,7221;1,2641;4,5701;5,6109;0,1381;3,5908;0,1901;0,6343;3,3045;0,4839;0,4526;0,624;0,9543;2,4143;0,2885;1,3158;0,5341;0,0816;0,2081;0,2854;0,8473;1,0185;NA;2,9779;5,6086;0,3518;0,6711;5,9106
2022-03-21;0,1265;4,2444;3,1335;0,5424;3,3662;2,9259;3,1301;4,693;1,2533;4,5614;5,5819;0,1381;3,5593;0,1902;0,6307;3,2933;0,4848;0,45;0,6199;0,9486;2,3995;0,2858;1,3112;0,5282;0,081;0,2085;0,2839;0,8448;1,0094;NA;2,9598;5,5746;0,3494;0,6677;5,8885
2022-03-22;0,1275;4,272;3,1681;0,5457;3,3867;2,9547;3,1445;4,6975;1,258;4,5644;5,6322;0,1381;3,5353;0,1903;0,6314;3,2919;0,4869;0,451;0,6203;0,9495;2,4018;0,2882;1,325;0,5382;0,0815;0,2087;0,287;0,8654;1,0132;NA;2,9757;5,6072;0,3507;0,6713;5,8809
2022-03-23;0,1273;4,2772;3,1977;0,5466;3,3986;2,9764;3,1498;4,7036;1,2647;4,5722;5,6574;0,1381;3,5347;0,1916;0,6324;3,3218;0,4882;0,4533;0,6207;0,9508;2,4049;0,2884;1,3247;0,5395;0,0817;0,2112;0,289;0,871;1,0126;NA;2,9813;5,606;0,3519;0,6713;5,8866
2022-03-24;0,1288;4,331;3,2392;0,5535;3,4434;3,0085;3,1896;4,7589;1,2682;4,6412;5,7061;0,1467;3,5594;0,1928;0,6397;3,3703;0,5015;0,4602;0,6283;0,9616;2,4332;0,2918;1,3435;0,5464;0,0828;0,2143;0,2932;0,8975;1,0248;NA;3,0183;5,6711;0,3539;0,6797;5,9721
2022-03-25;0,1285;4,3125;3,2374;0,5509;3,4387;3,0038;3,1793;4,7459;1,2647;4,6528;5,6769;0,1467;3,5454;0,1924;0,6379;3,3469;0,4972;0,459;0,6265;0,959;2,4265;0,2907;1,3396;0,5465;0,0827;0,2149;0,2961;0,8934;1,0242;NA;3,0071;5,6587;0,3536;0,6778;5,9579
2022-03-28;0,1267;4,2784;3,2215;0,5464;3,4267;2,9719;3,1434;4,702;1,26;4,5697;5,6311;0,1467;3,4311;0,1909;0,6319;3,2973;0,4946;0,4521;0,6207;0,9502;2,4041;0,2882;1,3278;0,5499;0,0821;0,2137;0,2948;0,9019;1,0145;NA;2,9786;5,6168;0,3493;0,6716;5,8953
2022-03-29;0,1272;4,2917;3,2109;0,5482;3,4303;2,9525;3,1513;4,7144;1,2655;4,5809;5,605;0,1467;3,4688;0,1918;0,6339;3,306;0,4943;0,4547;0,6226;0,9526;2,4104;0,2893;1,3349;0,5512;0,0824;0,2136;0,2922;0,9005;1,0176;NA;2,9878;5,6384;0,3517;0,6735;5,9146
2022-03-30;0,1252;4,1688;3,1321;0,5326;3,3403;2,9071;3,081;4,6507;1,2667;4,5045;5,4775;0,1467;3,4278;0,1902;0,6253;3,2844;0,4841;0,4503;0,6142;0,9398;2,3778;0,2843;1,3076;0,5343;0,0801;0,2093;0,2884;0,8762;0,9915;NA;2,9065;5,4983;0,3447;0,6566;5,7814
2022-03-31;0,1255;4,1801;3,1251;0,5339;3,3379;2,8988;3,0873;4,6525;1,2588;4,5207;5,4842;0,1467;3,4215;0,1903;0,6255;3,2764;0,4806;0,4504;0,6142;0,9404;2,3788;0,2854;1,3167;0,5297;0,0809;0,2105;0,2886;0,8762;0,9939;NA;2,9091;5,5233;0,3446;0,659;5,7844
2022-04-01;0,1255;4,1978;3,1538;0,5358;3,3584;2,9115;3,0948;4,6428;1,2634;4,5431;5,5114;0,1467;3,4247;0,1906;0,6241;3,2696;0,4785;0,4487;0,6129;0,9388;2,3738;0,2858;1,3111;0,5335;0,0813;0,2114;0,2876;0,8857;0,997;NA;2,9218;5,5259;0,345;0,6598;5,7816
2022-04-04;0,1255;4,2073;3,1614;0,5369;3,3668;2,9152;3,1008;4,6373;1,2577;4,539;5,518;0,1467;3,4308;0,1905;0,6235;3,2657;0,4815;0,4475;0,6141;0,9382;2,371;0,286;1,3089;0,5373;0,0819;0,2122;0,2882;0,9031;0,9972;NA;2,931;5,5747;0,3464;0,6592;5,7919
2022-04-05;0,1264;4,2233;3,2258;0,5392;3,3908;2,9595;3,1155;4,6317;1,2507;4,559;5,541;0,1467;3,4383;0,1903;0,6228;3,271;0,4848;0,4494;0,6142;0,9369;2,3681;0,287;1,3192;0,5421;0,0824;0,2134;0,2905;0,9191;1,0027;NA;2,9435;5,6034;0,3482;0,6584;5,7953
2022-04-06;0,127;4,2606;3,2302;0,5436;3,4098;2,9627;3,1348;4,6539;1,2298;4,5691;5,5802;0,1467;3,4417;0,1902;0,6257;3,3053;0,4862;0,4535;0,6167;0,9412;2,3795;0,2891;1,3233;0,5411;0,083;0,213;0,2911;0,9158;1,0108;NA;2,9676;5,6325;0,3501;0,6697;5,8386
2022-04-07;0,1276;4,2727;3,1945;0,5452;3,4006;2,946;3,1401;4,6478;1,2171;4,5793;5,586;0,1467;3,4529;0,1895;0,6249;3,301;0,4845;0,4508;0,6159;0,9404;2,3764;0,2897;1,3222;0,5341;0,0831;0,2124;0,2903;0,9059;1,0129;NA;2,9757;5,6242;0,3504;0,6714;5,8412
2022-04-08;0,127;4,2703;3,187;0,5449;3,3913;2,9289;3,1329;4,6405;1,2302;4,5663;5,5702;0,1467;3,4408;0,1894;0,624;3,3005;0,4868;0,4515;0,6139;0,9388;2,3727;0,2895;1,3241;0,5298;0,0828;0,212;0,29;0,8984;1,0115;NA;2,9734;5,6241;0,3482;0,6711;5,8329
2022-04-11;0,1268;4,2586;3,1655;0,5434;3,3803;2,9098;3,1198;4,6451;1,2228;4,5574;5,5484;0,1467;3,3979;0,1901;0,6245;3,3227;0,4873;0,4506;0,6153;0,94;2,375;0,2888;1,3212;0,5225;0,0818;0,2131;0,2912;0,9068;1,0072;NA;2,9644;5,6062;0,3456;0,6686;5,8645
2022-04-12;0,1276;4,2926;3,1896;0,5477;3,3922;2,9327;3,1445;4,6626;1,2311;4,6005;5,5819;0,1467;3,4167;0,1907;0,6269;3,34;0,4866;0,4511;0,6175;0,9434;2,3839;0,2923;1,3321;0,5252;0,0824;0,2161;0,295;0,9142;1,0141;NA;2,9887;5,6376;0,3488;0,6738;5,8642
2022-04-13;0,1279;4,2872;3,1843;0,5469;3,3909;2,9098;3,1434;4,646;1,2288;4,6016;5,5761;0,1467;3,4014;0,1901;0,6246;3,3281;0,4869;0,4498;0,615;0,9401;2,3754;0,2939;1,3392;0,5319;0,0823;0,2172;0,2966;0,9171;1,0134;NA;2,9849;5,6273;0,3495;0,6733;5,8556
2022-04-14;0,1264;4,2581;3,1721;0,5431;3,3944;2,9023;3,1435;4,6447;1,2352;4,5539;5,5923;0,1467;3,3959;0,1901;0,6244;3,3082;0,4866;0,4511;0,6143;0,9393;2,3748;0,2913;1,3297;0,5284;0,0816;0,2152;0,2908;0,9076;1,0065;NA;2,9685;5,5903;0,3471;0,6682;5,8649
2022-04-15;0,1275;4,2865;3,177;0,5465;3,4029;2,9065;3,1598;4,6378;1,2337;4,5493;5,6019;0,1467;3,3892;0,1897;0,6234;3,3033;0,4893;0,4495;0,6136;0,9383;2,3712;0,2931;1,3325;0,5257;0,0821;0,2147;0,2923;0,9115;1,0123;NA;2,9884;5,6137;0,3491;0,6729;5,8477
2022-04-19;0,1272;4,2887;3,1688;0,5467;3,4073;2,9007;3,1429;4,6361;1,2422;4,533;5,5924;0,1467;3,3422;0,1897;0,6232;3,3021;0,4861;0,4487;0,6136;0,9385;2,3704;0,2926;1,3247;0,5252;0,0818;0,2167;0,2915;0,9216;1,008;NA;2,9907;5,6228;0,3463;0,6721;5,8235
2022-04-20;0,1264;4,2708;3,1745;0,5446;3,3992;2,8979;3,1287;4,6295;1,2473;4,5049;5,565;0,1467;3,326;0,1894;0,6222;3,321;0,4867;0,4515;0,6122;0,9366;2,367;0,2912;1,3208;0,5209;0,0815;0,2135;0,2842;0,9152;0,9962;NA;2,9749;5,5901;0,3456;0,666;5,843
2022-04-21;0,1259;4,2596;3,1729;0,543;3,4152;2,896;3,1289;4,6523;1,2515;4,4913;5,5636;0,1467;3,3262;0,1906;0,6253;3,347;0,4863;0,4537;0,6153;0,941;2,3787;0,2901;1,3218;0,523;0,0813;0,2124;0,2797;0,9216;0,9928;NA;2,9696;5,5934;0,3444;0,6608;5,8668
2022-04-22;0,1265;4,2935;3,1356;0,5472;3,3888;2,8654;3,1424;4,6361;1,2496;4,493;5,5327;0,1467;3,3472;0,1904;0,6231;3,3353;0,48;0,4503;0,6131;0,9374;2,3704;0,2914;1,3198;0,5205;0,082;0,2114;0,2758;0,9288;0,9932;NA;2,9905;5,6186;0,3457;0,6615;5,819
2022-04-25;0,127;4,3188;3,0975;0,5504;3,3927;2,8572;3,1425;4,6405;1,2438;4,5047;5,5054;0,1467;3,3707;0,1902;0,6238;3,3337;0,4792;0,4486;0,6138;0,9387;2,3727;0,2924;1,3158;0,5158;0,0824;0,2116;0,2759;0,9007;0,9913;NA;2,9872;5,6325;0,3452;0,6582;5,8348
2022-04-26;0,1269;4,3469;3,1302;0,554;3,4128;2,8824;3,1653;4,6429;1,2342;4,5294;5,5299;0,1467;3,3994;0,1901;0,6241;3,3499;0,4739;0,447;0,614;0,9386;2,3739;0,2939;1,3194;0,5145;0,0832;0,2145;0,2761;0,8912;0,998;NA;3,0164;5,6725;0,3466;0,6642;5,8474
2022-04-27;0,1293;4,4453;3,1786;0,5665;3,4608;2,9206;3,2214;4,7076;1,2378;4,6042;5,5744;0,1467;3,4735;0,192;0,6327;3,4014;0,4795;0,4508;0,6226;0,9517;2,4069;0,3;1,3428;0,5249;0,0852;0,2178;0,2801;0,8892;1,0196;NA;3,0823;5,7998;0,3511;0,6776;5,9687
2022-04-28;0,1294;4,4613;3,1822;0,5686;3,4802;2,906;3,2174;4,6915;1,2432;4,5921;5,5924;0,1467;3,407;0,1915;0,6304;3,3947;0,4784;0,456;0,6202;0,9481;2,3987;0,3015;1,3458;0,5268;0,0853;0,2186;0,2808;0,8986;1,0212;NA;3,0774;5,8282;0,3504;0,6747;5,9787
2022-04-29;0,1288;4,4072;3,1505;0,5616;3,4567;2,8747;3,1926;4,6582;1,2353;4,5504;5,532;0,1467;3,387;0,1898;0,626;3,3804;0,4744;0,4507;0,6154;0,9411;2,3817;0,2972;1,3272;0,5137;0,0841;0,2172;0,2775;0,8923;1,0131;NA;3,0401;5,7699;0,3503;0,6687;5,953
2022-05-02;0,1293;4,4454;3,1377;0,5665;3,4519;2,8642;3,2086;4,6806;1,2379;4,576;5,5894;0,1467;3,4177;0,19;0,6292;3,3967;0,471;0,449;0,6192;0,9461;2,3931;0,2987;1,3294;0,5215;0,0849;0,2178;0,2809;0,894;1,0211;NA;3,0665;5,8148;0,3507;0,6723;5,9698
2022-05-04;0,1295;4,4456;3,1648;0,5664;3,47;2,8677;3,2173;4,6777;1,2345;4,5333;5,5631;0,1467;3,418;0,1897;0,6287;3,3946;0,4736;0,45;0,6196;0,9455;2,3916;0,2997;1,3237;0,5197;0,0846;0,2193;0,2808;0,8963;1,0212;NA;3,0666;5,8217;0,3512;0,6719;5,937
2022-05-05;0,1292;4,4017;3,1771;0,5608;3,4507;2,868;3,1944;4,6658;1,233;4,4995;5,5223;0,1467;3,3936;0,1896;0,6271;3,3859;0,4743;0,4508;0,618;0,9428;2,3856;0,2964;1,3023;0,5157;0,084;0,2192;0,2817;0,8946;1,0125;NA;3,0363;5,7716;0,3496;0,6652;5,9438
2022-05-06;0,1294;4,4502;3,1543;0,5669;3,4645;2,8547;3,2118;4,6979;1,2352;4,5196;5,4914;0,1467;3,4113;0,1915;0,6314;3,4043;0,4699;0,4473;0,6237;0,9493;2,402;0,2979;1,3073;0,5161;0,0848;0,2206;0,2776;0,8848;1,0177;NA;3,0696;5,7899;0,35;0,6658;5,9794
2022-05-09;0,1294;4,4784;3,1355;0,5705;3,463;2,8406;3,2139;4,7059;1,2269;4,5074;5,4956;0,1467;3,4137;0,1876;0,6325;3,388;0,4683;0,4466;0,6247;0,9512;2,4061;0,2989;1,3048;0,5214;0,0851;0,2215;0,277;0,8819;1,0214;NA;3,0764;5,7812;0,3504;0,6655;5,9716
2022-05-10;0,128;4,4223;3,0809;0,5635;3,4049;2,7991;3,1848;4,6761;1,2341;4,4528;5,4564;0,1467;3,4002;0,1874;0,6286;3,3569;0,4595;0,4418;0,621;0,9456;2,3908;0,2904;1,2849;0,509;0,0844;0,2176;0,2746;0,8566;1,0091;NA;3,0379;5,715;0,3469;0,6585;5,9229
2022-05-11;0,1275;4,419;3,0953;0,563;3,4079;2,8015;3,1892;4,67;1,2307;4,47;5,4677;0,1467;3,4028;0,1869;0,6278;3,3525;0,4586;0,4431;0,6197;0,9436;2,3877;0,2888;1,2843;0,5098;0,0846;0,218;0,276;0,861;1,0098;NA;3,0358;5,7228;0,3469;0,6576;5,9246
2022-05-12;0,1291;4,4863;3,0832;0,5714;3,4436;2,7992;3,2145;4,6841;1,2239;4,502;5,4644;0,1467;3,4899;0,1844;0,6295;3,3626;0,4544;0,4424;0,6223;0,9466;2,3949;0,2915;1,2958;0,5204;0,0855;0,2197;0,2766;0,8732;1,0214;NA;3,0734;5,7883;0,3478;0,6605;5,9434
2022-05-13;0,1291;4,4849;3,0893;0,5713;3,4484;2,8011;3,2146;4,6679;1,2155;4,4843;5,4736;0,1467;3,4818;0,1881;0,6273;3,3414;0,4563;0,4444;0,6204;0,9435;2,3866;0,2898;1,3145;0,5181;0,0855;0,2224;0,2793;0,8735;1,0206;NA;3,0692;5,7962;0,3499;0,661;5,9782
2022-05-16;0,1286;4,4785;3,0979;0,5705;3,4655;2,8092;3,2134;4,6724;1,2147;4,4582;5,4799;0,1467;3,4614;0,1891;0,6279;3,3542;0,458;0,4451;0,6214;0,9443;2,3889;0,289;1,3134;0,5205;0,0852;0,2232;0,276;0,8849;1,0183;NA;3,0648;5,7594;0,3486;0,6591;5,9874
2022-05-17;0,1285;4,4379;3,1219;0,5654;3,4643;2,8257;3,2021;4,6558;1,201;4,4542;5,5377;0,1467;3,4307;0,1884;0,6256;3,3713;0,4602;0,4466;0,619;0,9411;2,3804;0,2795;1,318;0,5174;0,0848;0,2222;0,2766;0,8769;1,0113;NA;3,0298;5,7215;0,3489;0,6578;5,955
2022-05-18;0,128;4,4279;3,102;0,5641;3,4466;2,8113;3,192;4,6528;1,2078;4,4395;5,4797;0,1467;3,4265;0,1883;0,6252;3,3594;0,455;0,4445;0,6177;0,9402;2,3789;0,2779;1,3198;0,5203;0,0845;0,2223;0,2773;0,8965;1,0074;NA;3,0147;5,7066;0,3493;0,6561;5,9105
2022-05-19;0,1278;4,4231;3,0888;0,5636;3,4452;2,8014;3,1872;4,6429;1,2028;4,5303;5,4796;0,1467;3,4597;0,1879;0,6239;3,333;0,4497;0,4421;0,6158;0,9384;2,3739;0,2769;1,2994;0,5175;0,0844;0,2213;0,2758;0,8902;1,004;NA;3,0024;5,6912;0,346;0,6537;5,9067
2022-05-20;0,1279;4,3832;3,0986;0,5585;3,4277;2,8095;3,1814;4,6366;1,2059;4,5061;5,4735;0,1467;3,4222;0,188;0,623;3,3237;0,4524;0,4422;0,6154;0,937;2,3706;0,2744;1,3056;0,5233;0,0839;0,2201;0,2766;0,8888;0,9984;NA;2,9916;5,6509;0,3454;0,6565;5,905
2022-05-23;0,1266;4,3369;3,0808;0,5525;3,3883;2,8058;3,1549;4,6171;1,207;4,4755;5,4524;0,1467;3,3999;0,1879;0,6205;3,3288;0,4501;0,4396;0,6128;0,9333;2,3607;0,2722;1,292;0,5185;0,083;0,2202;0,2741;0,8888;0,9884;NA;2,9556;5,5915;0,343;0,6509;5,8688
2022-05-24;0,1261;4,3071;3,0429;0,5487;3,3634;2,7675;3,1317;4,6107;1,2033;4,4723;5,3775;0,1467;3,3799;0,1868;0,6196;3,3099;0,4474;0,4392;0,6124;0,9322;2,3574;0,2672;1,2838;0,5186;0,0822;0,2166;0,2724;0,8945;0,9808;NA;2,9386;5,5467;0,3405;0,6454;5,8383
2022-05-25;0,1258;4,3069;3,0495;0,5487;3,3538;2,7868;3,1307;4,5955;1,1936;4,4727;5,3938;0,1467;3,3896;0,1866;0,6176;3,3085;0,4487;0,4373;0,6102;0,9296;2,3496;0,2636;1,2853;0,5187;0,0823;0,2168;0,2753;0,8936;0,9804;NA;2,9434;5,5531;0,3407;0,6453;5,7869
2022-05-26;0,1261;4,3189;3,0589;0,5502;3,3673;2,7938;3,1404;4,6135;1,1728;4,5003;5,4257;0,1467;3,4088;0,1871;0,62;3,3407;0,4501;0,4359;0,6123;0,9336;2,3588;0,2632;1,2891;0,519;0,0825;0,2183;0,2743;0,8953;0,982;NA;2,9516;5,5661;0,3413;0,6411;5,836
2022-05-27;0,1258;4,2966;3,0685;0,5473;3,3724;2,8028;3,1372;4,6102;1,1735;4,4814;5,4209;0,1467;3,3818;0,1866;0,6197;3,3383;0,4518;0,4368;0,6117;0,9326;2,3571;0,2621;1,2802;0,5215;0,0822;0,2178;0,2741;0,9007;0,9812;NA;2,9475;5,5322;0,3429;0,64;5,8187
2022-05-30;0,1251;4,2617;3,063;0,543;3,3577;2,7884;3,1172;4,5869;1,1671;4,4544;5,3821;0,1467;3,3481;0,1858;0,6166;3,3311;0,452;0,4359;0,6086;0,9278;2,3452;0,26;1,2828;0,5156;0,0814;0,2183;0,2748;0,9008;0,975;NA;2,9272;5,4954;0,3442;0,6397;5,7717
2022-05-31;0,1247;4,2651;3,0662;0,5435;3,3663;2,7828;3,114;4,5756;1,1613;4,4387;5,3783;0,1467;3,3341;0,1851;0,6151;3,3472;0,4532;0,4352;0,6068;0,9254;2,3394;0,2597;1,2766;0,5135;0,0813;0,2179;0,2738;0,8971;0,9735;NA;2,925;5,4902;0,3445;0,6407;5,7575
2022-06-01;0,1247;4,2817;3,0745;0,5457;3,3832;2,7846;3,1194;4,5891;1,1556;4,4531;5,385;0,1467;3,3069;0,1855;0,6169;3,3669;0,4561;0,4373;0,6091;0,9281;2,3463;0,2605;1,2873;0,5195;0,0816;0,2176;0,276;0,9049;0,9758;NA;2,9365;5,5228;0,3441;0,6396;5,7817
2022-06-02;0,1249;4,2931;3,0881;0,5472;3,3936;2,7912;3,1227;4,5876;1,1629;4,4689;5,3832;0,1467;3,3055;0,1855;0,6167;3,3511;0,4535;0,4379;0,609;0,9284;2,3456;0,2608;1,2866;0,5213;0,0813;0,2188;0,2769;0,8913;0,9773;NA;2,9643;5,5364;0,3433;0,6433;5,7779
2022-06-03;0,1248;4,2689;3,0998;0,5442;3,3982;2,7979;3,1111;4,5908;1,163;4,4547;5,3681;0,1467;3,2847;0,1859;0,6171;3,3485;0,4544;0,4398;0,6097;0,9287;2,3472;0,2586;1,2817;0,5249;0,0808;0,2187;0,2767;0,8899;0,9729;NA;2,9568;5,4977;0,3432;0,6427;5,788
2022-06-06;0,1243;4,2675;3,0857;0,544;3,3981;2,789;3,109;4,588;1,1795;4,4412;5,3655;0,1467;3,2635;0,1857;0,6167;3,3174;0,4548;0,4387;0,6099;0,9282;2,3458;0,2573;1,2832;0,5257;0,0808;0,2191;0,278;0,8934;0,9723;NA;2,953;5,4958;0,3414;0,6422;5,7749
2022-06-07;0,1246;4,2935;3,0843;0,5472;3,4082;2,7704;3,1193;4,5855;1,177;4,4;5,3644;0,1467;3,2345;0,1854;0,6164;3,3156;0,4522;0,4365;0,6088;0,9277;2,3445;0,2563;1,2876;0,5219;0,0812;0,2198;0,2784;0,8953;0,9769;NA;2,97;5,5236;0,3417;0,6437;5,7699
2022-06-08;0,1244;4,2904;3,0808;0,5467;3,4171;2,7628;3,1175;4,5817;1,1755;4,3834;5,3719;0,1467;3,2056;0,1851;0,6159;3,2986;0,4518;0,4371;0,6091;0,9265;2,3426;0,2503;1,2807;0,52;0,0811;0,2182;0,2788;0,8808;0,9765;NA;2,9604;5,5158;0,3413;0,6412;5,7788
2022-06-09;0,1241;4,2764;3,0746;0,5449;3,4042;2,76;3,1105;4,5826;1,1608;4,3696;5,3566;0,1467;3,1996;0,1856;0,616;3,2992;0,451;0,4365;0,6093;0,9264;2,343;0,2485;1,2833;0,5204;0,0808;0,219;0,2816;0,8728;0,9733;NA;2,9366;5,498;0,3408;0,6409;5,7418
2022-06-10;0,1249;4,3363;3,0923;0,5525;3,4093;2,7866;3,1413;4,603;1,1563;4,4292;5,4127;0,1467;3,2395;0,1864;0,6187;3,3428;0,4528;0,4375;0,612;0,9307;2,3535;0,2528;1,2854;0,5247;0,0817;0,22;0,2795;0,8841;0,9852;NA;2,9798;5,5697;0,342;0,648;5,7688
2022-06-13;0,1269;4,4209;3,0887;0,5632;3,4417;2,7904;3,1815;4,6313;1,1644;4,4594;5,4022;0,1467;3,2911;0,1874;0,6226;3,3391;0,4508;0,4374;0,6157;0,9364;2,3679;0,2565;1,2846;0,5234;0,0829;0,2205;0,2755;0,8861;1,0001;NA;3,0114;5,6637;0,3435;0,6567;5,8661
2022-06-14;0,1272;4,4478;3,084;0,5666;3,4446;2,785;3,2005;4,6548;1,1678;4,4967;5,4041;0,1467;3,3146;0,1881;0,6256;3,3609;0,4491;0,4385;0,6188;0,9415;2,3799;0,2578;1,2908;0,5154;0,0836;0,2167;0,2762;0,8695;1,0057;NA;3,0262;5,6976;0,3458;0,6602;5,9273
2022-06-15;0,1267;4,4455;3,0814;0,5663;3,4332;2,7733;3,1964;4,6642;1,1692;4,4574;5,3729;0,1467;3,304;0,1885;0,627;3,3872;0,4476;0,4396;0,62;0,9431;2,3847;0,2574;1,2875;0,5115;0,0832;0,2164;0,2783;0,8687;1,0061;NA;3,0154;5,6955;0,3442;0,6616;5,9316
2022-06-17;0,1265;4,463;3,1206;0,5687;3,4405;2,8261;3,221;4,6951;1,1775;4,6223;5,4971;0,1467;3,3179;0,1901;0,6312;3,4097;0,4486;0,4392;0,624;0,9489;2,4005;0,2578;1,2917;0,5147;0,083;0,2194;0,2808;0,8831;1,0138;NA;3,0109;5,717;0,3454;0,6662;6,0014
2022-06-20;0,1257;4,44;3,1006;0,5656;3,4164;2,8183;3,2017;4,6731;1,1675;4,5993;5,4376;0,1467;3,2949;0,189;0,6282;3,3937;0,4483;0,4374;0,6218;0,9449;2,3893;0,2562;1,2871;0,5064;0,0821;0,2189;0,277;0,8616;1,0088;NA;2,9934;5,6918;0,3433;0,6638;5,9505
2022-06-21;0,1245;4,3917;3,0647;0,5595;3,4015;2,794;3,172;4,646;1,172;4,5511;5,4064;0,1467;3,245;0,1882;0,6245;3,374;0,4481;0,4369;0,6179;0,939;2,3754;0,2534;1,2757;0,497;0,081;0,2181;0,2758;0,8464;0,9986;NA;2,965;5,6248;0,34;0,6558;5,916
2022-06-22;0,1249;4,4338;3,0532;0,5648;3,4146;2,77;3,1902;4,659;1,1781;4,5818;5,4171;0,1467;3,2542;0,1886;0,6263;3,359;0,4455;0,4367;0,6196;0,942;2,3821;0,2556;1,2774;0,5073;0,0814;0,2199;0,2769;0,865;1,0065;NA;2,9822;5,6666;0,3398;0,66;5,8992
2022-06-23;0,1265;4,4881;3,0877;0,5718;3,4582;2,8064;3,228;4,7096;1,1786;4,6375;5,4756;0,1467;3,3137;0,1903;0,6331;3,3906;0,4497;0,4398;0,6262;0,9522;2,408;0,2584;1,2975;0,5041;0,0821;0,223;0,28;0,8639;1,0183;NA;3,0248;5,7286;0,3439;0,6691;5,9691
2022-06-24;0,1258;4,4656;3,0842;0,569;3,4439;2,8133;3,2175;4,7094;1,1749;4,6538;5,4831;0,1467;3,3103;0,1903;0,633;3,3711;0,4497;0,4404;0,6254;0,9519;2,4079;0,257;1,2982;0,4941;0,0814;0,2239;0,2807;0,8525;1,0141;NA;3,0082;5,7044;0,345;0,6671;5,9845
2022-06-27;0,1257;4,4369;3,0794;0,5655;3,4474;2,8058;3,2044;4,6965;1,1646;4,6314;5,4655;0,1467;3,2873;0,1898;0,6311;3,3618;0,4512;0,4403;0,6237;0,9496;2,4013;0,2655;1,3043;0,4834;0,081;0,2241;0,2796;0,8464;1,0073;NA;2,9977;5,6651;0,3459;0,6635;5,9621
2022-06-28;0,1264;4,4377;3,0884;0,5655;3,4606;2,7968;3,2047;4,7004;1,1724;4,6513;5,451;0,1467;3,2706;0,19;0,6317;3,3646;0,4544;0,4419;0,6242;0,9503;2,4033;0,2668;1,298;0,482;0,0811;0,2229;0,2795;0,8471;1,0093;NA;2,991;5,6344;0,3455;0,6638;5,9468
2022-06-29;0,1266;4,4533;3,0631;0,5676;3,4588;2,7715;3,2052;4,6809;1,1816;4,6611;5,4215;0,1467;3,2704;0,1893;0,6292;3,3459;0,4539;0,438;0,6216;0,9469;2,3933;0,2668;1,293;0,4887;0,0809;0,221;0,276;0,8454;1,0119;NA;2,999;5,6414;0,3431;0,6648;5,9229
2022-06-30;0,1271;4,4825;3,0873;0,5714;3,4711;2,7933;3,2234;4,6806;1,1797;4,6904;5,4429;0,1467;3,2904;0,1892;0,6292;3,3553;0,4523;0,4373;0,6217;0,9466;2,3931;0,2689;1,2887;0,4837;0,0815;0,222;0,2761;0,865;1,017;NA;3,0092;5,6769;0,3456;0,6696;5,932
2022-07-01;0,1266;4,5106;3,0717;0,5748;3,4928;2,7868;3,2352;4,7176;1,1829;4,7075;5,4583;0,1467;3,3286;0,1906;0,6342;3,4013;0,4549;0,4382;0,6261;0,9538;2,412;0,2694;1,2832;0,492;0,0818;0,2234;0,2758;0,8586;1,0228;NA;3,0196;5,7042;0,3479;0,6732;6,0306
2022-07-04;0,1261;4,5032;3,0861;0,5739;3,5;2,8054;3,2225;4,7002;1,1748;4,6911;5,4587;0,1467;3,3275;0,19;0,6318;3,3742;0,4539;0,4364;0,6242;0,9505;2,4031;0,2678;1,2838;0,4829;0,0817;0,2225;0,2753;0,8448;1,0204;NA;3,0086;5,707;0,3466;0,6725;5,9959
2022-07-05;0,1283;4,5947;3,1209;0,5855;3,555;2,8295;3,2742;4,7358;1,1699;4,7641;5,5334;0,1467;3,3822;0,1914;0,6366;3,3948;0,4593;0,4386;0,6291;0,9575;2,4214;0,2707;1,3015;0,4947;0,0828;0,2254;0,2795;0,8621;1,0396;NA;3,0657;5,8063;0,3504;0,6853;6,0414
2022-07-06;0,1298;4,6796;3,1814;0,5963;3,59;2,8901;3,3347;4,7942;1,1692;4,8287;5,5968;0,1467;3,461;0,1936;0,6443;3,4615;0,4647;0,4457;0,6372;0,9695;2,4512;0,2718;1,3313;0,4909;0,0839;0,2264;0,2806;0,8687;1,0576;NA;3,1203;5,8989;0,3583;0,698;6,1655
2022-07-07;0,13;4,7029;3,2095;0,5993;3,6147;2,9069;3,356;4,7965;1,1614;4,8418;5,629;0,1467;3,4548;0,1936;0,6446;3,4732;0,4655;0,4468;0,6383;0,9702;2,4524;0,272;1,3487;0,4849;0,084;0,2286;0,2794;0,8663;1,0623;NA;3,1367;5,9349;0,3615;0,7013;6,2154
2022-07-08;0,1316;4,7417;3,2318;0,6042;3,6433;2,918;3,3782;4,7958;1,1827;4,8528;5,6594;0,1467;3,4936;0,1938;0,6445;3,4428;0,4668;0,4479;0,638;0,9699;2,452;0,2739;1,3645;0,4982;0,0847;0,2308;0,2816;0,888;1,0711;NA;3,166;5,9804;0,3646;0,7074;6,2133
2022-07-11;0,1313;4,7416;3,2278;0,604;3,6496;2,9233;3,3831;4,7976;1,1735;4,8409;5,6736;0,1467;3,4615;0,1949;0,6447;3,4391;0,4649;0,4483;0,638;0,9704;2,4529;0,2735;1,3636;0,4868;0,0847;0,2309;0,2791;0,9023;1,0711;NA;3,1669;5,9698;0,3633;0,7071;6,2171
2022-07-12;0,1328;4,8284;3,2443;0,6151;3,7038;2,9474;3,43;4,8337;1,1687;4,9031;5,7119;0,1467;3,5191;0,1965;0,6497;3,475;0,4712;0,4539;0,643;0,9786;2,4714;0,2777;1,3833;0,4862;0,0856;0,2313;0,2817;0,8977;1,0882;NA;3,2216;6,0649;0,3679;0,7173;6,2941
2022-07-13;0,1332;4,8221;3,2701;0,6143;3,7058;2,9591;3,4296;4,8399;1,1792;4,9269;5,7338;0,1467;3,5157;0,1984;0,6504;3,4945;0,4713;0,4557;0,6436;0,9793;2,4746;0,2766;1,3876;0,4729;0,0857;0,2313;0,2832;0,8868;1,0876;NA;3,2174;6,0572;0,3698;0,7175;6,3124
2022-07-14;0,1323;4,8274;3,2533;0,615;3,6965;2,9418;3,4446;4,8371;1,1807;4,9035;5,7163;0,1467;3,4709;0,1983;0,65;3,4975;0,4717;0,4553;0,6444;0,9786;2,4731;0,2759;1,387;0,4783;0,0857;0,2315;0,2825;0,895;1,0862;NA;3,2196;6,0447;0,3668;0,7157;6,304
2022-07-15;0,131;4,7966;3,2313;0,611;3,6582;2,9405;3,4153;4,8115;1,1909;4,893;5,6739;0,1467;3,4553;0,1965;0,6465;3,459;0,4691;0,4538;0,64;0,9738;2,4601;0,2743;1,3739;0,4569;0,0851;0,2304;0,2785;0,8844;1,0781;NA;3,1994;6,0029;0,3615;0,7095;6,288
2022-07-18;0,1287;4,7152;3,2217;0,6007;3,6315;2,9122;3,3748;4,777;1,1857;4,8387;5,6333;0,1467;3,4142;0,1948;0,6418;3,4392;0,4655;0,4526;0,6359;0,9669;2,4424;0,2695;1,3645;0,4844;0,0837;0,2319;0,2764;0,8717;1,0589;NA;3,1469;5,8979;0,3583;0,6996;6,2179
2022-07-19;0,1274;4,6594;3,2117;0,5938;3,5968;2,9018;3,352;4,7731;1,1957;4,8036;5,6009;0,1467;3,3833;0,1944;0,6411;3,4364;0,4683;0,454;0,6355;0,9665;2,4404;0,2654;1,3552;0,4923;0,0829;0,229;0,2738;0,8568;1,0472;NA;3,1109;5,8322;0,3556;0,6913;6,1968
2022-07-20;0,1268;4,6524;3,2127;0,5927;3,6155;2,9043;3,3408;4,7603;1,1982;4,7982;5,5852;0,1467;3,3651;0,1945;0,6395;3,4222;0,4684;0,4547;0,6339;0,9636;2,4339;0,2646;1,3501;0,5021;0,0827;0,2267;0,2714;0,8593;1,045;NA;3,1042;5,8176;0,3548;0,6892;6,1337
2022-07-21;0,1265;4,6682;3,2062;0,5949;3,6169;2,8927;3,348;4,7578;1,1848;4,8008;5,5738;0,1467;3,3667;0,1936;0,6391;3,4057;0,4683;0,4561;0,6331;0,9631;2,4326;0,2641;1,3548;0,5033;0,0828;0,2272;0,2708;0,8531;1,0474;NA;3,1054;5,8374;0,3559;0,6898;6,1411
2022-07-22;0,1278;4,692;3,2449;0,5978;3,6445;2,9249;3,3734;4,7643;1,199;4,8479;5,6103;0,1277;3,4093;0,1942;0,64;3,4153;0,4693;0,4572;0,6332;0,9653;2,4359;0,2647;1,3614;0,5052;0,0835;0,227;0,2756;0,8533;1,0533;NA;3,1247;5,8739;0,3575;0,6933;6,1441
2022-07-25;0,1259;4,6171;3,2031;0,5882;3,5805;2,8872;3,3327;4,7196;1,1906;4,7917;5,5525;0,1256;3,3846;0,1924;0,634;3,3832;0,4662;0,4538;0,6272;0,9574;2,4131;0,259;1,3447;0,4847;0,0825;0,225;0,2757;0,8396;1,0363;NA;3,0784;5,7885;0,3519;0,6837;6,0924
2022-07-26;0,126;4,6222;3,2157;0,5889;3,6019;2,8893;3,3345;4,7183;1,1823;4,7943;5,5621;0,1262;3,385;0,1919;0,6338;3,3823;0,4713;0,4521;0,6275;0,9564;2,4124;0,2587;1,3471;0,4933;0,0834;0,2262;0,2763;0,8627;1,0373;NA;3,0821;5,7976;0,3535;0,6841;6,0839
2022-07-27;0,1281;4,7142;3,2719;0,6006;3,6675;2,9374;3,3962;4,7811;1,183;4,9039;5,685;0,128;3,4461;0,1944;0,6423;3,4372;0,4806;0,4577;0,6363;0,969;2,4445;0,2636;1,375;0,5097;0,0847;0,2311;0,2797;0,8809;1,0567;NA;3,1403;5,8999;0,3588;0,6978;6,2135
2022-07-28;0,1284;4,6952;3,2882;0,5981;3,6681;2,953;3,4002;4,7973;1,1792;4,904;5,722;0,1273;3,4699;0,1951;0,6445;3,4538;0,4843;0,4595;0,6382;0,972;2,4528;0,2619;1,3741;0,5158;0,0841;0,2306;0,2814;0,8953;1,0547;NA;3,1443;5,8825;0,3606;0,6961;6,2224
2022-07-29;0,1281;4,6365;3,2446;0,5908;3,6181;2,9225;3,3628;4,7399;1,1727;4,8682;5,6434;0,1258;3,4868;0,1927;0,6367;3,4223;0,4785;0,4558;0,6303;0,9605;2,4234;0,2591;1,3638;0,5102;0,084;0,2293;0,2804;0,8945;1,0419;NA;3,1265;5,8504;0,3564;0,6884;6,1668
2022-08-01;0,1285;4,629;3,2525;0,5897;3,6206;2,9272;3,3615;4,7475;1,1772;4,873;5,6612;0,1258;3,4969;0,1927;0,6377;3,4229;0,4785;0,4565;0,6316;0,9629;2,4273;0,2579;1,3684;0,5137;0,0835;0,2282;0,2807;0,8943;1,0395;NA;3,1125;5,8554;0,3555;0,6854;6,1618
2022-08-02;0,1272;4,5984;3,1824;0,5858;3,5758;2,8872;3,3318;4,7092;1,1839;4,8322;5,6062;0,1258;3,5135;0,1911;0,6325;3,3952;0,4743;0,4526;0,6263;0,9557;2,4078;0,2561;1,3629;0,5157;0,0828;0,2251;0,2784;0,8868;1,0321;NA;3,088;5,847;0,3517;0,6802;6,0965
2022-08-03;0,1274;4,6164;3,1991;0,5881;3,5904;2,889;3,3419;4,7032;1,1867;4,8127;5,6221;0,1258;3,4658;0,1908;0,6319;3,3763;0,4751;0,4515;0,6258;0,9545;2,4047;0,2572;1,3719;0,5074;0,0829;0,2233;0,2761;0,8744;1,0358;NA;3,0957;5,8456;0,352;0,6836;6,0911
2022-08-04;0,1286;4,634;3,2311;0,5904;3,6066;2,9204;3,36;4,723;1,1914;4,8226;5,6374;0,1258;3,4505;0,1917;0,6346;3,3905;0,4773;0,4549;0,6284;0,9586;2,4148;0,2579;1,3824;0,5083;0,0833;0,2265;0,2761;0,877;1,0395;NA;3,1033;5,8087;0,3537;0,686;6,1204
2022-08-05;0,1294;4,6024;3,1991;0,5863;3,5726;2,8976;3,3443;4,7053;1,1917;4,8153;5,5889;0,1258;3,4581;0,1912;0,6323;3,3924;0,4719;0,4535;0,6261;0,9552;2,4058;0,2564;1,3799;0,51;0,0833;0,2264;0,2769;0,883;1,0329;NA;3,0904;5,8136;0,3546;0,6818;6,1018
2022-08-08;0,1289;4,6127;3,2101;0,5876;3,5734;2,8878;3,3427;4,7013;1,1975;4,8137;5,5752;0,1258;3,4135;0,1916;0,6319;3,3701;0,4725;0,4528;0,6258;0,9546;2,4037;0,2568;1,3851;0,5024;0,083;0,2262;0,2762;0,8931;1,0343;NA;3,1005;5,7955;0,3534;0,6821;6,0768
2022-08-09;0,1298;4,5919;3,2069;0,585;3,5732;2,8887;3,3334;4,7021;1,1906;4,8239;5,5646;0,1258;3,4039;0,1919;0,6319;3,3515;0,4735;0,453;0,626;0,9586;2,4041;0,2557;1,3892;0,5069;0,0826;0,2273;0,2769;0,8984;1,0305;NA;3,0917;5,773;0,3518;0,68;6,0823
2022-08-10;0,1297;4,6112;3,2164;0,5877;3,5838;2,9094;3,3476;4,7138;1,1747;4,8454;5,5775;0,1258;3,4159;0,1929;0,6335;3,3646;0,4768;0,454;0,6274;0,9593;2,4101;0,257;1,3946;0,5102;0,0829;0,2282;0,2789;0,8998;1,0346;NA;3,1006;5,7984;0,3519;0,6825;6,0831
2022-08-11;0,1286;4,5206;3,2126;0,5762;3,5426;2,9059;3,3026;4,6745;1,1852;4,8134;5,5339;0,1258;3,4109;0,1923;0,6283;3,3365;0,4759;0,4511;0,6221;0,9521;2,39;0,2517;1,3856;0,5093;0,0816;0,2261;0,2787;0,8873;1,017;NA;3,0612;5,6887;0,3474;0,6709;6,0241
2022-08-12;0,1287;4,5459;3,2362;0,5801;3,5637;2,9308;3,318;4,6832;1,1913;4,8318;5,5357;0,1258;3,4119;0,1924;0,6295;3,3428;0,478;0,4494;0,6233;0,9579;2,3945;0,2531;1,3977;0,5137;0,0817;0,2281;0,2808;0,8811;1,0229;NA;3,0993;5,7046;0,3485;0,6747;6,0149
2022-08-16;0,1307;4,6282;3,2442;0,5901;3,5869;2,9331;3,3548;4,6928;1,1615;4,8784;5,5711;0,1258;3,4558;0,1912;0,631;3,3448;0,4763;0,4461;0,625;0,9603;2,3994;0,2578;1,4114;0,5253;0,0829;0,2334;0,2813;0,908;1,0363;NA;3,1341;5,8305;0,3529;0,6816;6,0778
2022-08-17;0,1302;4,6119;3,2137;0,5881;3,5813;2,9108;3,3391;4,6921;1,1537;4,85;5,5818;0,1258;3,4209;0,191;0,6309;3,3443;0,4766;0,445;0,6252;0,9601;2,399;0,257;1,4175;0,5232;0,0826;0,2311;0,2796;0,8963;1,0322;NA;3,123;5,8044;0,351;0,6806;6,094
2022-08-18;0,1303;4,6468;3,2236;0,5925;3,5994;2,9124;3,3612;4,7244;1,1666;4,8733;5,5983;0,1258;3,4368;0,1921;0,6351;3,3626;0,4787;0,4459;0,6291;0,9674;2,4155;0,2586;1,4325;0,5177;0,0832;0,2322;0,2781;0,8994;1,0386;NA;3,1328;5,8315;0,3511;0,6842;6,1258
2022-08-19;0,132;4,7061;3,2517;0,5999;3,6271;2,9306;3,3917;4,748;1,1671;4,9159;5,5981;0,1258;3,4483;0,1928;0,6383;3,3794;0,482;0,4465;0,6317;0,9729;2,4276;0,26;1,4425;0,5062;0,0841;0,2331;0,2787;0,9105;1,0513;NA;3,1718;5,8981;0,3545;0,6913;6,1435
2022-08-22;0,1315;4,7427;3,2764;0,6045;3,6495;2,9408;3,4004;4,7493;1,1705;4,9444;5,6022;0,1258;3,4635;0,1927;0,6386;3,3707;0,4841;0,4459;0,6323;0,9722;2,4283;0,2617;1,4418;0,5021;0,0844;0,2345;0,2781;0,9172;1,0574;NA;3,1857;5,9382;0,3528;0,6936;6,1838
2022-08-23;0,1329;4,803;3,3066;0,6122;3,6896;2,971;3,4412;4,7706;1,1613;4,9696;5,6567;0,1258;3,5005;0,1934;0,6415;3,4051;0,4908;0,4496;0,6355;0,9767;2,4391;0,265;1,4662;0,5121;0,0857;0,2395;0,2821;0,9313;1,0701;NA;3,2371;6,0148;0,3582;0,7013;6,2307
2022-08-24;0,1333;4,8029;3,3247;0,6122;3,7051;2,9786;3,4465;4,7772;1,1618;4,9916;5,6784;0,1258;3,5198;0,1938;0,6422;3,4147;0,4949;0,4508;0,636;0,978;2,4425;0,2648;1,4656;0,5239;0,0857;0,2408;0,2817;0,9408;1,0708;NA;3,2348;6,0203;0,3577;0,6998;6,2669
2022-08-25;0,1327;4,7546;3,3216;0,6061;3,6857;2,9708;3,4233;4,7584;1,166;4,9415;5,6312;0,1258;3,4842;0,193;0,6398;3,3916;0,4947;0,4507;0,6334;0,9761;2,4329;0,2617;1,4534;0,516;0,0849;0,2396;0,2826;0,9302;1,0629;NA;3,2077;5,9533;0,3564;0,6941;6,2376
2022-08-26;0,1319;4,7465;3,3055;0,6049;3,6653;2,9419;3,4136;4,7413;1,1594;4,9196;5,6007;0,1258;3,4667;0,1923;0,6375;3,3794;0,4906;0,448;0,6311;0,9727;2,4242;0,261;1,4578;0,5283;0,0847;0,2382;0,2823;0,9288;1,0621;NA;3,2033;5,9444;0,3562;0,6917;6,2087
2022-08-29;0,1311;4,7821;3,2757;0,6094;3,6575;2,9197;3,4173;4,7529;1,157;4,9342;5,5752;0,1258;3,4479;0,1933;0,639;3,378;0,4865;0,4467;0,6328;0,9757;2,4301;0,2631;1,4412;0,5354;0,0851;0,2379;0,2825;0,9449;1,0651;NA;3,2101;5,981;0,354;0,6911;6,2052
2022-08-30;0,1298;4,721;3,2815;0,6016;3,6385;2,9223;3,3834;4,7328;1,1622;4,8679;5,5413;0,1258;3,414;0,1925;0,6363;3,3353;0,4867;0,4443;0,6302;0,9725;2,4198;0,2597;1,4262;0,535;0,084;0,2371;0,2814;0,9388;1,054;NA;3,1807;5,936;0,3505;0,6838;6,1705
2022-08-31;0,1298;4,736;3,2542;0,6035;3,6134;2,9026;3,3853;4,7265;1,1675;4,8467;5,5126;0,1258;3,4173;0,1928;0,6354;3,3356;0,4779;0,4425;0,6292;0,9724;2,4166;0,2604;1,4212;0,5319;0,0843;0,2347;0,278;0,9244;1,0582;NA;3,1908;5,9532;0,3527;0,6864;6,1435
2022-09-01;0,1279;4,6959;3,2071;0,5985;3,5598;2,8665;3,3584;4,7133;1,1747;4,8112;5,4464;0,1258;3,373;0,1926;0,6338;3,3263;0,4686;0,4389;0,6271;0,9712;2,4098;0,2582;1,3987;0,5235;0,083;0,2324;0,2734;0,906;1,0478;NA;3,1553;5,9088;0,3469;0,6809;6,1336
2022-09-02;0,1287;4,7276;3,217;0,6024;3,5978;2,8773;3,3712;4,7144;1,182;4,8237;5,4622;0,1258;3,3684;0,1927;0,634;3,3317;0,4721;0,4386;0,6267;0,9749;2,4105;0,2595;1,3988;0,527;0,0832;0,2344;0,2729;0,9018;1,0542;NA;3,1732;5,9264;0,3467;0,6843;6,1353
2022-09-05;0,1301;4,769;3,2321;0,6076;3,6224;2,9023;3,3916;4,7263;1,1702;4,8487;5,4798;0,1258;3,393;0,1922;0,6356;3,3167;0,4758;0,4397;0,6283;0,9805;2,4165;0,2617;1,398;0,5427;0,0837;0,2381;0,2753;0,9232;1,0614;NA;3,2;5,9686;0,3475;0,687;6,1493
2022-09-06;0,1297;4,7367;3,2071;0,6035;3,6103;2,8778;3,3729;4,7168;1,1695;4,8311;5,4821;0,1258;3,3429;0,192;0,6343;3,31;0,4767;0,4411;0,6276;0,9768;2,4116;0,26;1,3882;0,5372;0,0829;0,2372;0,2764;0,9188;1,0526;NA;3,1819;5,9316;0,3444;0,6813;6,137
2022-09-07;0,1296;4,7584;3,2002;0,6062;3,6113;2,8701;3,3817;4,7137;1,1743;4,8413;5,4696;0,1258;3,3025;0,1914;0,6339;3,3312;0,4749;0,4406;0,6276;0,9707;2,4101;0,2609;1,3877;0,5329;0,0832;0,237;0,2742;0,9066;1,0573;NA;3,1898;5,9563;0,3435;0,682;6,1501
2022-09-08;0,1298;4,7268;3,1814;0,6019;3,5975;2,8556;3,3612;4,7244;1,1881;4,8438;5,4322;0,1258;3,2806;0,1922;0,6353;3,3578;0,4721;0,4412;0,6287;0,9701;2,4155;0,2591;1,3813;0,5347;0,0828;0,2362;0,2725;0,9006;1,0502;NA;3,1729;5,9275;0,3419;0,6791;6,1696
2022-09-09;0,1284;4,6599;3,2031;0,5937;3,5871;2,8643;3,3376;4,7098;1,1907;4,8693;5,4185;0,1258;3,2827;0,192;0,6333;3,3617;0,4732;0,4427;0,6263;0,9623;2,4081;0,2555;1,3643;0,5282;0,082;0,2345;0,2699;0,8936;1,0362;NA;3,1422;5,8593;0,339;0,6736;6,1044
2022-09-12;0,1273;4,6225;3,1819;0,589;3,5609;2,8427;3,3133;4,7113;1,192;4,8428;5,4044;0,1258;3,2395;0,1918;0,6335;3,3485;0,4724;0,4425;0,6263;0,9606;2,4088;0,2536;1,366;0,5105;0,0814;0,2359;0,2706;0,898;1,0266;NA;3,1145;5,812;0,3359;0,6674;6,1059
2022-09-13;0,1279;4,6363;3,198;0,5908;3,5732;2,8469;3,3248;4,7082;1,1879;4,8752;5,4311;0,1258;3,2593;0,192;0,6331;3,351;0,4714;0,4437;0,6256;0,9572;2,4072;0,2542;1,3829;0,5161;0,0816;0,2343;0,2726;0,9102;1,0285;NA;3,1218;5,8568;0,3371;0,669;6,0493
2022-09-14;0,1289;4,7233;3,1786;0,6019;3,588;2,8319;3,3654;4,7195;1,1735;4,9174;5,4504;0,1258;3,2953;0,1923;0,6346;3,3735;0,4689;0,4434;0,6276;0,9584;2,4131;0,2588;1,3785;0,5148;0,0828;0,2364;0,2716;0,91;1,0435;NA;3,1687;5,9497;0,3392;0,6786;6,0613
2022-09-15;0,1284;4,7202;3,1877;0,6015;3,587;2,8366;3,3588;4,7164;1,1631;4,9137;5,4412;0,1258;3,2906;0,1923;0,6342;3,3858;0,4679;0,4412;0,6269;0,9573;2,4115;0,2584;1,3789;0,5128;0,0825;0,2364;0,27;0,9139;1,0407;NA;3,1681;5,9243;0,3383;0,6765;6,1253
2022-09-16;0,1278;4,7384;3,1631;0,6038;3,566;2,8206;3,3596;4,7176;1,1643;4,9134;5,3882;0,1258;3,3054;0,1925;0,6344;3,4111;0,4619;0,4387;0,6269;0,9578;2,4121;0,2593;1,3741;0,513;0,0826;0,2356;0,2676;0,903;1,0449;NA;3,169;5,9404;0,3398;0,6746;6,1137
2022-09-19;0,1278;4,7255;3,1553;0,602;3,5481;2,8108;3,3497;4,7142;1,1758;4,8864;5,3711;0,1258;3,2936;0,1925;0,6339;3,3745;0,4598;0,4366;0,6267;0,9574;2,4103;0,2583;1,3685;0,5123;0,0824;0,2349;0,266;0,8993;1,0385;NA;3,1549;5,9278;0,3388;0,6733;6,1292
2022-09-20;0,1276;4,7118;3,1605;0,6004;3,5469;2,7878;3,344;4,7165;1,1825;4,8772;5,3866;0,1258;3,2799;0,1922;0,6342;3,3427;0,46;0,436;0,6273;0,9566;2,4115;0,2576;1,3694;0,5106;0,0818;0,2361;0,2665;0,9109;1,0337;NA;3,1449;5,9109;0,3383;0,6719;6,1098
2022-09-21;0,1289;4,7919;3,1936;0,6105;3,5796;2,8202;3,3895;4,7449;1,1771;4,9687;5,4289;0,1258;3,3328;0,1924;0,6381;3,3772;0,4632;0,4351;0,6308;0,9595;2,426;0,2616;1,3861;0,5135;0,0827;0,2395;0,2703;0,9317;1,0523;NA;3,1951;5,9926;0,3435;0,6796;6,1534
2022-09-22;0,1296;4,8343;3,2148;0,6159;3,5961;2,8384;3,4107;4,7758;1,1763;4,9621;5,475;0,1258;3,4021;0,1936;0,6422;3,404;0,4691;0,4393;0,6348;0,9664;2,4418;0,2634;1,3954;0,5161;0,0829;0,2432;0,2744;0,9347;1,0585;NA;3,2191;5,9939;0,3434;0,6834;6,2195
2022-09-23;0,1304;4,8796;3,212;0,6216;3,6066;2,831;3,4269;4,7591;1,172;4,9701;5,453;0,1258;3,4151;0,193;0,64;3,3969;0,4656;0,4367;0,6326;0,9625;2,4333;0,2652;1,3977;0,5164;0,0832;0,2436;0,274;0,9535;1,066;NA;3,245;6,0274;0,3457;0,6856;6,2023
2022-09-26;0,13;4,9113;3,2028;0,6257;3,614;2,8175;3,4257;4,7566;1,17;4,9846;5,2822;0,1258;3,4146;0,1932;0,6396;3,4097;0,4612;0,4359;0,6321;0,9623;2,432;0,2661;1,4013;0,506;0,0832;0,243;0,2726;0,9337;1,0674;NA;3,2466;6,0199;0,3434;0,6866;6,2418
2022-09-27;0,1304;4,9476;3,2096;0,6303;3,6123;2,8206;3,4469;4,7616;1,1686;5,0135;5,3465;0,1258;3,4266;0,1932;0,6403;3,433;0,4603;0,4385;0,6325;0,9633;2,4345;0,2678;1,4028;0,4977;0,0838;0,2434;0,2752;0,9177;1,073;NA;3,2715;6,0624;0,3478;0,6903;6,279
2022-09-28;0,1314;5,0381;3,2183;0,6419;3,6519;2,8197;3,4801;4,8147;1,1707;5,071;5,3856;0,1258;3,4813;0,1951;0,6474;3,4514;0,4606;0,44;0,6394;0,9732;2,4617;0,2723;1,4256;0,5115;0,0852;0,2457;0,2778;0,9367;1,0891;NA;3,3015;6,1493;0,3491;0,6952;6,3498
2022-09-29;0,1316;5,0328;3,2469;0,6412;3,6645;2,8515;3,4879;4,8637;1,1582;5,12;5,4331;0,1258;3,4759;0,1971;0,654;3,4716;0,4644;0,4439;0,646;0,9828;2,4867;0,2714;1,4178;0,5262;0,0854;0,249;0,2795;0,9361;1,0829;NA;3,2975;6,1416;0,35;0,6992;6,4418
2022-09-30;0,1312;4,9533;3,2245;0,6309;3,6224;2,8352;3,4614;4,8698;1,1556;5,0714;5,556;0,1258;3,4325;0,198;0,6549;3,471;0,464;0,4465;0,647;0,9838;2,4899;0,2671;1,3941;0,5137;0,0844;0,2466;0,2765;0,9171;1,0683;NA;3,251;6,0883;0,346;0,6979;6,4015
2022-10-03;0,1293;4,9207;3,1732;0,6267;3,5782;2,783;3,4306;4,8272;1,1423;4,9806;5,5155;0,1258;3,392;0,1965;0,6491;3,4163;0,4546;0,4432;0,6414;0,9755;2,4681;0,2651;1,3691;0,5083;0,0833;0,2445;0,2728;0,9086;1,0589;NA;3,2156;6,0095;0,3417;0,6914;6,338
2022-10-04;0,1295;4,8615;3,1616;0,6193;3,5705;2,7879;3,3988;4,8007;1,1503;4,9215;5,532;0,1258;3,3587;0,1956;0,6456;3,3832;0,4604;0,4453;0,6382;0,9702;2,4545;0,2618;1,3804;0,5169;0,0828;0,2431;0,2735;0,9412;1,0466;NA;3,1884;5,9577;0,3405;0,6831;6,2968
2022-10-05;0,1295;4,838;3,1361;0,6164;3,5668;2,775;3,4014;4,8128;1,1393;4,9299;5,5269;0,1258;3,3512;0,1961;0,647;3,3917;0,4593;0,4439;0,6398;0,9745;2,4607;0,2605;1,3659;0,5193;0,0826;0,2414;0,2728;0,9345;1,045;NA;3,1844;5,946;0,3416;0,6799;6,2676
2022-10-06;0,1313;4,8989;3,1742;0,6242;3,5879;2,8047;3,4402;4,8445;1,1437;4,9874;5,5303;0,1258;3,3867;0,1978;0,6512;3,4431;0,4641;0,4459;0,6437;0,9814;2,4769;0,2636;1,384;0,5211;0,0834;0,2442;0,2746;0,9427;1,0564;NA;3,2256;5,9823;0,3489;0,6885;6,303
2022-10-07;0,1326;4,9588;3,1817;0,6317;3,6132;2,8035;3,4707;4,8606;1,147;5,0065;5,5505;0,1258;3,4237;0,1982;0,6534;3,4843;0,463;0,4459;0,6459;0,9837;2,4852;0,2668;1,4068;0,5253;0,0842;0,2474;0,2754;0,9496;1,0668;NA;3,2511;6,022;0,3512;0,6968;6,3456
2022-10-10;0,1324;5,0239;3,1655;0,64;3,6548;2,807;3,4955;4,8677;1,141;5,0372;5,5542;0,1258;3,4528;0,1986;0,6544;3,4646;0,4696;0,4437;0,6467;0,9857;2,4888;0,2704;1,4085;0,5355;0,0851;0,2495;0,2758;0,9663;1,0805;NA;3,2813;6,0975;0,3515;0,7033;6,3723
2022-10-11;0,1313;5,0171;3,1456;0,6392;3,6253;2,7947;3,4856;4,8711;1,1385;5,0179;5,541;0,1258;3,4437;0,1986;0,6548;3,462;0,4675;0,4435;0,6471;0,9868;2,4905;0,27;1,4032;0,5348;0,0851;0,2512;0,2767;0,967;1,0736;NA;3,2669;6,0906;0,3497;0,6988;6,3767
2022-10-12;0,1316;5,0014;3,1311;0,6372;3,6266;2,7977;3,4803;4,8536;1,1291;5,0231;5,5205;0,1258;3,419;0,1975;0,6524;3,4447;0,4658;0,4406;0,6448;0,9824;2,4816;0,2691;1,4031;0,5392;0,0849;0,2489;0,2748;0,9448;1,0681;NA;3,2566;6,0748;0,3508;0,6979;6,3721
2022-10-13;0,1317;4,9905;3,1359;0,6356;3,6139;2,8036;3,4784;4,8468;1,1196;4,9964;5,5395;0,1258;3,3983;0,1973;0,6515;3,4595;0,4661;0,4399;0,6435;0,9806;2,4781;0,2684;1,3958;0,5284;0,0847;0,2499;0,2722;0,9428;1,0637;NA;3,2487;6,0566;0,3486;0,6941;6,3713
2022-10-14;0,1297;4,9569;3,1215;0,6314;3,5952;2,7923;3,4811;4,833;1,1517;4,9526;5,5886;0,1258;3,3561;0,1965;0,6498;3,435;0,4682;0,439;0,6415;0,9792;2,471;0,2667;1,3957;0,5285;0,084;0,2477;0,2721;0,9422;1,054;NA;3,2133;6,0137;0,3457;0,6891;6,334
2022-10-17;0,1295;4,9522;3,0915;0,6309;3,5814;2,77;3,4705;4,8229;1,1507;4,9392;5,5801;0,1258;3,3302;0,1961;0,6484;3,4327;0,4666;0,4386;0,6409;0,9768;2,4659;0,2665;1,4012;0,5148;0,084;0,2471;0,2722;0,9293;1,0497;NA;3,1975;6,0115;0,3447;0,6875;6,3357
2022-10-18;0,1284;4,8929;3,0725;0,6233;3,5583;2,7708;3,4442;4,8092;1,1661;4,9091;5,5256;0,1258;3,2774;0,1957;0,6465;3,4084;0,4624;0,4406;0,6389;0,9743;2,4589;0,2632;1,3848;0,5035;0,0831;0,2447;0,2708;0,9265;1,0377;NA;3,1635;5,9443;0,3435;0,6796;6,3039
2022-10-19;0,128;4,8892;3,079;0,6228;3,5513;2,7791;3,4354;4,7997;1,1626;4,8899;5,5061;0,1258;3,2721;0,1954;0,6452;3,392;0,4623;0,4386;0,6373;0,9727;2,454;0,263;1,3806;0,5024;0,0829;0,244;0,2691;0,9329;1,035;NA;3,1547;5,913;0,3426;0,6771;6,2406
2022-10-20;0,1281;4,9024;3,0766;0,6246;3,5616;2,7749;3,4375;4,7955;1,1628;4,8717;5,4837;0,1258;3,2695;0,1953;0,6446;3,3987;0,4618;0,437;0,6365;0,974;2,4519;0,2638;1,381;0,5032;0,0832;0,2438;0,2677;0,9301;1,0367;NA;3,1481;5,9155;0,3426;0,6774;6,259
2022-10-21;0,1277;4,9;3,0633;0,6242;3,5448;2,7656;3,429;4,7804;1,1569;4,852;5,4537;0,1258;3,2463;0,195;0,6427;3,388;0,4592;0,4327;0,6345;0,9723;2,4442;0,2635;1,3747;0,5008;0,0833;0,2446;0,2663;0,9391;1,0342;NA;3,1345;5,9228;0,3397;0,6759;6,2216
2022-10-24;0,1278;4,8669;3,0643;0,62;3,5444;2,7748;3,4225;4,7866;1,1595;4,8612;5,5126;0,1258;3,2593;0,1955;0,6435;3,3685;0,4588;0,4326;0,6354;0,9741;2,4473;0,2616;1,3719;0,5003;0,0827;0,2438;0,2658;0,9422;1,0271;NA;3,1221;5,8778;0,3371;0,6702;6,2611
2022-10-25;0,1267;4,8499;3,0655;0,6178;3,535;2,7613;3,4047;4,7805;1,1586;4,8359;5,4898;0,1258;3,2577;0,1952;0,6427;3,3547;0,4604;0,4353;0,6347;0,9752;2,4442;0,2606;1,3653;0,4915;0,0825;0,2438;0,2629;0,9138;1,0243;NA;3,1044;5,8589;0,3373;0,6635;6,198
2022-10-26;0,1262;4,7538;3,0861;0,6056;3,5162;2,7631;3,3817;4,7723;1,1622;4,8203;5,5146;0,1258;3,234;0,1945;0,6416;3,3396;0,4612;0,4367;0,6336;0,9762;2,44;0,2555;1,3599;0,4913;0,0814;0,2397;0,2643;0,8941;1,0076;NA;3,0533;5,7668;0,3351;0,6627;6,1847
2022-10-27;0,1251;4,7216;3,0542;0,6018;3,4775;2,7516;3,3567;4,7504;1,1651;4,7798;5,4728;0,1258;3,2351;0,1936;0,6387;3,315;0,4616;0,4346;0,6307;0,9734;2,4288;0,2537;1,3465;0,4964;0,0811;0,2367;0,2621;0,8768;1,0015;NA;3,0333;5,735;0,3328;0,6534;6,1168
2022-10-28;0,1254;4,7477;3,0465;0,6049;3,4891;2,7555;3,3597;4,7199;1,1455;4,7705;5,4733;0,1258;3,2197;0,1927;0,6342;3,2937;0,4593;0,4309;0,6267;0,9612;2,4132;0,255;1,3385;0,5031;0,0818;0,2393;0,2621;0,8889;1,0053;NA;3,0529;5,7578;0,3329;0,6543;6,0681
2022-10-31;0,1243;4,734;3,0316;0,6031;3,47;2,753;3,3471;4,7089;1,1457;4,7376;5,4748;0,1258;3,1897;0,1922;0,6326;3,286;0,4581;0,4313;0,6252;0,958;2,4076;0,2543;1,3393;0,5018;0,0815;0,2384;0,2589;0,8938;1,0013;NA;3,0351;5,717;0,3315;0,6487;6,0827
2022-11-02;0,1264;4,7485;3,0526;0,605;3,493;2,7954;3,3645;4,7039;1,152;4,7656;5,4601;0,1258;3,2269;0,1921;0,6319;3,278;0,4597;0,4314;0,6244;0,9579;2,405;0,255;1,3427;0,5033;0,0814;0,2411;0,2621;0,9232;1,0022;NA;3,0347;5,7363;0,3356;0,6525;6,0801
2022-11-03;0,1271;4,8291;3,0375;0,6152;3,5081;2,7845;3,397;4,7101;1,1499;4,7697;5,433;0,1258;3,2578;0,192;0,6329;3,2732;0,4555;0,4307;0,6249;0,9608;2,4082;0,2593;1,3522;0,5112;0,0819;0,2455;0,2624;0,9388;1,0179;NA;3,0766;5,8269;0,3384;0,6599;6,1008
2022-11-04;0,1277;4,7975;3,0486;0,6112;3,5159;2,793;3,3886;4,6898;1,1639;4,7523;5,3825;0,1258;3,2461;0,1917;0,6301;3,2277;0,4563;0,4312;0,6223;0,9579;2,3978;0,2576;1,3461;0,5079;0,0818;0,2449;0,2631;0,9377;1,0104;NA;3,0485;5,8179;0,3382;0,661;6,1223
2022-11-07;0,1254;4,6926;3,0326;0,5978;3,4788;2,7767;3,3402;4,6858;1,1664;4,731;5,3687;0,1258;3,1985;0,1923;0,6297;3,2205;0,4577;0,4332;0,6217;0,959;2,3958;0,2523;1,3246;0,5063;0,0803;0,2407;0,2626;0,9279;0,9901;NA;2,9875;5,7272;0,3366;0,6492;6,0677
2022-11-08;0,1258;4,6893;3,0391;0,5974;3,4744;2,7839;3,3431;4,6912;1,1697;4,7417;5,3894;0,1258;3,2072;0,193;0,6306;3,2066;0,456;0,4328;0,6222;0,9594;2,3985;0,252;1,3276;0,5115;0,0806;0,2414;0,2638;0,9093;0,99;NA;2,9873;5,747;0,3403;0,6461;6,0444
2022-11-09;0,1271;4,6817;3,0332;0,5965;3,4815;2,7657;3,3476;4,7037;1,1611;4,7467;5,361;0,1258;3,2116;0,1932;0,6324;3,2107;0,4551;0,434;0,6239;0,9591;2,4049;0,2517;1,3194;0,5162;0,0808;0,2395;0,2635;0,9101;0,9979;NA;2,9897;5,7488;0,3427;0,6464;6,061
2022-11-10;0,1283;4,7328;3,031;0,603;3,4955;2,773;3,3737;4,7146;1,173;4,7905;5,3795;0,1258;3,2323;0,1935;0,6339;3,2094;0,4535;0,4333;0,6253;0,9635;2,4105;0,2546;1,3291;0,5218;0,0815;0,2419;0,2658;0,9125;1,0069;NA;3,0164;5,7847;0,3431;0,6528;6,0592
2022-11-14;0,1264;4,5383;3,031;0,579;3,4162;2,7601;3,3;4,6794;1,1523;4,7977;5,3546;0,1258;3,2321;0,1928;0,6291;3,1217;0,4534;0,4354;0,6202;0,9552;2,3925;0,2439;1,3234;0,5093;0,0794;0,2319;0,2619;0,852;0,9872;NA;2,924;5,5836;0,3427;0,6432;5,9428
2022-11-15;0,127;4,5143;3,0546;0,5775;3,4004;2,7775;3,3032;4,6985;1,1582;4,8059;5,3404;0,1258;3,241;0,1933;0,6316;3,1137;0,4535;0,4346;0,6225;0,9579;2,4023;0,2427;1,3176;0,5068;0,079;0,2332;0,2627;0,847;0,9955;NA;2,9071;5,5694;0,3439;0,6416;5,9587
2022-11-16;0,1263;4,505;3,0546;0,576;3,4022;2,787;3,293;4,6942;1,1525;4,7888;5,3593;0,1258;3,2319;0,1929;0,6311;3,1611;0,4534;0,4321;0,6224;0,9545;2,4001;0,2421;1,3195;0,5079;0,0786;0,2331;0,2615;0,8447;0,9912;NA;2,8874;5,5411;0,3408;0,6362;5,9376
2022-11-17;0,1265;4,5387;3,0392;0,5801;3,4006;2,7789;3,3024;4,7039;1,1427;4,7909;5,395;0,1258;3,2506;0,1931;0,6324;3,1591;0,4503;0,4305;0,6232;0,9564;2,405;0,2438;1,3103;0,4975;0,0791;0,2345;0,2606;0,8404;0,9967;NA;2,8978;5,5593;0,3372;0,6354;5,9424
2022-11-18;0,1267;4,5337;3,0434;0,5795;3,3986;2,7984;3,3031;4,7067;1,1466;4,7675;5,4075;0,1258;3,2394;0,1932;0,6328;3,161;0,449;0,4279;0,6243;0,9532;2,4065;0,2435;1,3119;0,4919;0,0791;0,2332;0,2614;0,8359;0,9957;NA;2,89;5,5493;0,3391;0,6371;5,9783
2022-11-21;0,1269;4,5991;3,0399;0,5894;3,4222;2,8091;3,3266;4,7035;1,1458;4,7944;5,4294;0,1258;3,242;0,1931;0,6323;3,1588;0,4475;0,428;0,6235;0,9518;2,4048;0,247;1,3263;0,4883;0,0801;0,2356;0,2637;0,8543;1,0042;NA;2,927;5,6197;0,3385;0,6416;5,9552
2022-11-22;0,127;4,5844;3,0449;0,5868;3,42;2,8182;3,3242;4,7075;1,1525;4,7977;5,4362;0,1258;3,2449;0,1934;0,6329;3,2133;0,4495;0,43;0,6242;0,9538;2,4069;0,2461;1,3195;0,4866;0,0799;0,2347;0,2656;0,8617;1,001;NA;2,9206;5,6125;0,3387;0,6425;5,9915
2022-11-23;0,1255;4,548;3,0257;0,5818;3,3972;2,8098;3,2888;4,6958;1,1572;4,7807;5,4205;0,1258;3,2176;0,1928;0,6314;3,2053;0,4532;0,4295;0,6226;0,9507;2,4009;0,2441;1,3154;0,4909;0,0798;0,2343;0,2641;0,8486;0,9941;NA;2,8993;5,5568;0,3363;0,6357;5,9749
2022-11-24;0,1261;4,5101;3,0411;0,5775;3,379;2,8206;3,2823;4,6993;1,134;4,7808;5,4542;0,1258;3,2547;0,193;0,6319;3,2033;0,4532;0,4313;0,6227;0,9525;2,4027;0,2421;1,3192;0,4921;0,0796;0,2332;0,2656;0,8415;1,0034;NA;2,879;5,5262;0,3394;0,6318;5,9571
2022-11-25;0,1259;4,5111;3,0387;0,5774;3,3755;2,8121;3,2809;4,6884;1,1363;4,7729;5,4497;0,1258;3,2361;0,1924;0,6305;3,2003;0,4549;0,4325;0,6212;0,9529;2,3971;0,2421;1,3166;0,4955;0,0796;0,2326;0,2632;0,8478;1,0064;NA;2,8784;5,5233;0,3388;0,6295;5,9433
2022-11-28;0,1261;4,4827;3,0029;0,5738;3,3343;2,7915;3,2634;4,6835;1,1471;4,7555;5,4185;0,1258;3,2537;0,1924;0,6298;3,1969;0,4523;0,4313;0,6204;0,951;2,3946;0,2406;1,3008;0,4861;0,0792;0,2319;0,2617;0,8286;1,0006;NA;2,8511;5,4898;0,3358;0,6231;5,9371
2022-11-29;0,1275;4,5164;3,0344;0,5782;3,3571;2,8127;3,2885;4,6813;1,1472;4,7449;5,4141;0,1258;3,2702;0,1924;0,6295;3,1824;0,453;0,4294;0,6201;0,9512;2,3935;0,2423;1,3135;0,4944;0,0798;0,2356;0,2654;0,8417;1,0018;NA;2,869;5,5266;0,34;0,6299;5,893
2022-11-30;0,1278;4,5066;3,0307;0,5779;3,3309;2,8114;3,2955;4,6684;1,1449;4,7421;5,4151;0,1258;3,2466;0,1916;0,6277;3,1736;0,454;0,4272;0,6184;0,9479;2,3869;0,2418;1,3114;0,5001;0,0797;0,2344;0,266;0,8551;1,0133;NA;2,8647;5,5339;0,3427;0,6351;5,9188
2022-12-01;0,1284;4,4911;3,0565;0,577;3,3455;2,8481;3,3075;4,6892;1,1438;4,758;5,4564;0,1258;3,294;0,1925;0,6306;3,1492;0,4574;0,4291;0,621;0,9515;2,3975;0,241;1,3135;0,5043;0,0799;0,2332;0,2596;0,8661;1,0195;NA;2,8859;5,5299;0,344;0,6335;5,9421
2022-12-02;0,128;4,4492;3,0352;0,5719;3,3118;2,8509;3,2971;4,685;1,1458;4,7576;5,461;0,1258;3,3203;0,1922;0,63;3,1506;0,4566;0,4315;0,6207;0,9502;2,3954;0,2387;1,3153;0,5058;0,0798;0,2326;0,2564;0,858;1,0139;NA;2,8839;5,4709;0,3427;0,6336;5,9195
2022-12-05;0,128;4,4415;3,0271;0,5719;3,3098;2,8451;3,2941;4,6898;1,146;4,7542;5,4558;0,1258;3,2842;0,1924;0,6306;3,1539;0,4557;0,4312;0,6211;0,9526;2,3979;0,2383;1,3118;0,5027;0,0794;0,2274;0,2577;0,851;1,0166;NA;2,8715;5,4308;0,3425;0,6388;5,9117
2022-12-06;0,1278;4,4787;3,0072;0,5755;3,2907;2,8303;3,3001;4,6995;1,1341;4,7472;5,4534;0,1258;3,2741;0,1931;0,6318;3,1561;0,4505;0,4318;0,622;0,9563;2,4028;0,2403;1,3151;0,4998;0,0801;0,2275;0,2582;0,8481;1,0189;NA;2,8677;5,4226;0,3391;0,6406;5,9045
2022-12-07;0,1277;4,4834;2,9926;0,5754;3,2749;2,8343;3,2973;4,6968;1,1445;4,7608;5,438;0,1258;3,2578;0,1931;0,6314;3,1543;0,4454;0,4304;0,6217;0,9553;2,4014;0,2405;1,3028;0,5099;0,0808;0,2265;0,2584;0,8563;1,0195;NA;2,8671;5,4356;0,3392;0,6422;5,9228
2022-12-08;0,1285;4,476;3,0068;0,5749;3,2732;2,8413;3,2975;4,6976;1,1334;4,7496;5,4484;0,1258;3,2674;0,1931;0,6316;3,1464;0,446;0,4301;0,622;0,9553;2,4018;0,2401;1,3008;0,5163;0,0809;0,2274;0,26;0,8599;1,0179;NA;2,8655;5,43;0,339;0,6421;5,9059
2022-12-09;0,1274;4,4351;2,9978;0,5694;3,252;2,8264;3,2805;4,6821;1,128;4,7474;5,4317;0,1258;3,256;0,1926;0,6295;3,136;0,4446;0,4292;0,6199;0,9517;2,3939;0,2378;1,296;0,5133;0,0801;0,2252;0,2575;0,8487;1,0068;NA;2,8462;5,3902;0,3403;0,6379;5,8991
